id,price_doc
21361,5927849.0
7787,3694477.75
19522,10222088.0
10407,7912369.5
12303,8750956.0
27552,5695941.5
19910,9055749.0
19285,4662398.5
28410,13472660.0
5852,9709751.0
8358,5947713.5
742,4458627.0
2879,5114727.5
29679,11396300.0
13092,4389912.5
13687,7436557.0
14376,9366692.0
21857,5442273.5
9032,10031261.0
21544,5637700.0
18255,6312546.0
2929,8811924.0
24052,15191003.0
27251,3927470.25
14171,5052353.5
8314,4947224.0
22919,6825554.5
13812,5732759.5
26088,4583553.5
15304,7359317.0
1457,4671340.0
15463,4093573.75
17941,4647128.0
19296,5013351.5
22768,6981290.0
3908,4841446.5
3204,4372330.5
11807,4252139.5
26773,6086141.5
19688,9916510.0
5053,7256278.0
18544,4216346.0
21309,5536323.5
14849,4176068.25
18358,4234253.5
21880,5776069.0
25863,5419268.0
25351,4005738.5
18527,16563218.0
16217,7095315.0
4669,4619004.5
12406,6262913.5
27450,5768758.5
14188,4514954.0
9602,4878231.5
22249,8277136.0
13240,5343600.5
10316,5999343.5
19929,6723644.0
25438,5244696.0
24536,16144758.0
5260,3957281.0
18985,11217435.0
29427,11878338.0
9913,6822209.5
739,4022789.75
7131,3913363.5
16849,10024891.0
14732,6074758.5
4867,5547930.0
20454,4151191.5
25617,11129163.0
2065,4980461.0
22389,9372482.0
19746,9121449.0
6987,4430900.5
8479,5666289.5
29091,5283990.5
12288,3475887.5
2168,2973597.25
22143,8062058.0
3063,3856162.5
28521,3236687.0
282,4122498.0
23012,5357914.5
12353,9524999.0
17376,8285017.5
25140,4601997.5
26398,6791595.0
17576,4068575.25
27004,4044015.0
13127,5544592.5
21203,16255594.0
27297,5291171.5
21553,5241475.5
12694,6918603.0
3833,5408472.0
21968,10776061.0
6521,4574727.5
29003,6439149.5
17505,2706332.0
20890,6151450.0
26582,4420981.5
15772,9803597.0
10026,4860937.5
1240,6042160.0
19981,6130758.5
30165,4684576.5
22740,4738992.5
11062,5105274.0
30084,6363912.5
11216,5488296.0
4619,4013030.25
11362,4207148.0
4159,4704463.5
6017,4562845.5
26452,7610238.5
12123,3986371.5
3140,3379442.25
10943,4897254.5
19359,5333713.5
24967,10888767.0
17942,6905656.5
11813,5256483.0
8398,5303908.0
11059,6186153.5
6586,6215094.0
4378,4436037.5
18882,3967499.0
26280,4846962.0
5271,4451154.0
13617,5626576.0
3786,5790210.0
11646,4807899.5
23682,9173005.0
21468,4904120.0
3840,6460808.0
16787,6286304.5
27396,6105354.5
20552,7225425.0
22717,7614042.5
28762,6462311.0
29093,5979312.0
11328,3730626.75
768,4914293.5
25058,8048484.0
23805,5603635.5
1422,4046306.5
9018,4766814.0
26210,5085564.0
9112,3692339.75
25227,3943026.0
7928,4449422.5
25323,5982689.0
5880,7696267.5
21767,3619601.25
30308,7941065.5
19938,5330540.0
28227,5363272.0
5485,5542811.0
27332,7095897.0
8662,4480173.0
11944,3884405.75
905,4115882.75
29469,18031128.0
29298,9046117.0
16846,4985255.0
18065,4193660.5
22221,4866643.0
1088,4573951.0
2267,5957392.5
23667,7453689.5
25081,4135196.75
25331,11313655.0
28209,5096313.0
629,3585314.5
12175,6405286.0
1859,4401050.5
20435,15204627.0
2184,5355436.5
13250,3942405.5
25115,5244500.5
30287,4747279.5
1753,4020465.5
29162,5564685.5
9011,3787178.75
16901,4030393.0
6013,4801122.5
28182,6239996.0
11696,5277132.0
6765,9773538.0
30307,6751814.0
20543,7243356.0
17520,41951864.0
5389,3338112.25
14261,7784211.5
23998,9846643.0
19726,4038634.75
22559,4513271.0
14929,4541807.5
20693,4523763.5
17835,5863896.5
15606,7153754.5
2795,5187346.5
27869,14534891.0
6769,4236358.0
18049,6867996.5
24226,5315296.5
2898,5090532.5
17472,2301939.25
9098,5984035.5
3279,4670841.0
10561,3794416.5
10357,3725862.25
4734,3810775.25
2991,5454890.0
14241,11450467.0
21918,7657757.0
30292,6464653.5
6328,4078866.5
8087,4962818.0
15548,5070483.5
18515,3628604.5
2593,4693144.0
24303,4050047.25
27231,10925945.0
30103,8032910.0
10651,12619801.0
13027,4832078.0
19868,4937703.0
23284,6566432.0
212,4302434.5
24992,5143445.5
14829,6986651.5
16380,6692872.5
7605,3316882.5
11108,9714252.0
25515,4492268.0
12440,10981854.0
12535,8414637.0
220,6993851.5
7788,5142165.5
25956,9114197.0
18059,18739396.0
20627,12325301.0
19129,6049563.5
8597,4572987.0
15071,4482044.5
21395,5251838.5
12260,6956964.5
20429,4726859.5
2058,12852809.0
21133,16157820.0
3619,4962813.5
18279,6621159.5
29141,5922560.0
2850,4370271.5
26092,5778438.5
7462,23414082.0
15817,3918188.5
753,5196878.5
12597,7231705.0
7200,3484390.5
15805,6532080.0
9133,7111418.0
18321,5308002.0
8872,9403836.0
6041,4113085.0
10083,3631062.25
14115,3697974.5
6438,4719130.0
6394,7422648.5
25639,6781537.5
17321,19624938.0
26923,6449585.0
21511,28036408.0
23112,7098070.0
9577,5256674.0
16344,8588378.0
7920,3741640.0
6389,3672697.5
9292,4495997.0
27991,6300403.0
12515,4410365.0
12447,4085660.25
11175,7225404.0
427,3111059.0
22657,6232734.0
3416,3302612.5
1428,7295120.5
28806,3981527.25
25689,7543781.5
30108,3302889.5
2228,3182337.0
27086,6114771.0
12600,7196905.5
10116,3803477.5
18546,5021706.0
2960,4685479.0
11176,5946267.5
3079,2509319.75
5378,5381106.0
937,4054437.5
29281,15924499.0
20820,5202904.0
11634,4955199.5
23448,5641922.0
10133,5023253.5
27663,7282594.5
10669,5743430.5
13335,6960760.5
18456,8071736.5
11865,8281036.5
3431,3534627.25
5009,5881863.5
18508,13290629.0
23705,7645811.5
26123,10586235.0
27096,8047386.5
1638,4557001.0
17124,6135678.0
216,4223553.5
27819,6578027.5
1119,4706833.0
27622,3828993.5
23750,5169784.5
23392,3817442.75
28353,4243794.0
19836,6206002.5
14417,7691454.5
9201,4337155.0
5419,6160267.5
2352,4536456.5
18795,9485240.0
11550,8366481.5
15399,4377154.0
5897,5652904.0
14288,4456424.5
24576,10845572.0
10194,6081731.5
20709,3868092.5
10400,6724112.5
24784,15029323.0
1698,8113118.0
25420,3951066.25
626,4259485.5
7443,3638091.75
25842,8783447.0
11940,5241561.0
9422,15547866.0
6958,3471845.75
6319,6674044.5
7925,3986918.75
10714,3790705.5
1005,15474318.0
22679,6328006.5
6957,4888351.5
15177,6121195.0
29953,5603000.0
16226,5710344.0
16548,5453740.5
12282,4910012.0
23854,6909062.0
1813,4336506.0
16349,7088173.0
14365,3356570.0
13188,6041175.0
7819,3617806.5
12077,6667975.0
27165,4347267.5
24461,2490960.5
27732,7429163.5
11819,3628974.75
2916,4152011.0
17251,9851320.0
25767,6835579.5
6126,3527158.5
8198,5451639.5
6254,5136176.5
2358,20788842.0
9604,8079607.0
15823,6509220.5
3331,6189860.0
19560,7597519.0
1260,5015082.5
5321,4526849.5
18599,6074521.0
22791,5285165.0
27151,5721180.5
12967,3622035.5
20242,5553748.0
20626,5668208.5
12328,5379326.0
27064,6225160.0
17221,12985551.0
10132,5512462.5
1608,7124620.5
5234,4908547.0
25648,6645723.5
4406,6219914.5
23619,4612943.0
15933,6340716.5
10035,18390268.0
3507,9105771.0
14447,8058968.0
5549,11526195.0
21505,30422264.0
2560,2757037.0
7555,5645582.5
8349,4055454.5
26633,4273596.5
8193,3382008.75
97,3922607.5
23184,9132696.0
7485,4622698.0
11816,4426495.5
28876,6334497.5
2981,3541203.0
21631,8408235.0
13082,4330265.5
28714,5478088.5
1100,3625052.25
20829,5286476.0
1294,8598163.0
6502,5127650.5
12820,4012735.5
23989,4443282.0
14451,5336542.0
13540,6342222.0
17826,5280721.0
24964,4186184.0
19729,10164655.0
18927,8489932.0
14923,4004844.5
16091,4232259.0
11794,7573263.5
8141,3339714.0
19337,4848146.0
253,5756289.0
16728,18718642.0
18555,10321732.0
4269,3486454.75
30346,4782213.5
16052,4824291.5
7496,4413504.0
3881,3617133.75
15737,4866995.5
17517,14914724.0
8404,4003722.0
10639,11452388.0
29760,1919089.625
434,3704748.5
17877,4411008.5
27039,7187563.5
15146,4441659.5
10173,3591714.0
828,4655392.0
11808,3323903.0
9799,6864251.5
21146,7906554.0
8914,4399955.0
19178,7564003.0
26756,6665019.0
11051,4538317.0
23037,7252487.0
3622,3867948.75
22521,4578551.0
22544,6112404.0
5916,8132911.0
26211,12080685.0
12959,3526734.5
8371,3660253.25
7460,32358830.0
25865,11789677.0
6467,3925253.5
3221,6688234.0
8750,6296246.0
19433,5892048.0
8527,10256930.0
16312,4646981.5
19583,6890670.5
14359,4264037.5
18050,16820906.0
14400,5590515.5
1573,2895727.5
8551,5120760.0
2694,5783637.5
9553,3562600.75
24248,6626364.0
9448,4374917.0
16745,4511037.5
15577,5964663.5
6955,3911807.75
27980,5896747.5
495,4439851.0
30402,5758853.0
16552,2669311.0
18104,6206659.0
19174,7204322.0
7861,5456050.0
15984,15755913.0
6373,4114293.25
25108,2713452.0
3868,5487160.5
9199,7594150.5
9600,7605718.5
20257,4578005.0
15426,4447530.0
24301,4830110.5
30301,15761774.0
28303,7456036.0
18469,6805873.0
16026,5625868.0
28942,8792549.0
9046,4531523.0
7171,4445961.0
13778,12546360.0
20510,9103478.0
17531,5811531.0
13911,4417445.5
15635,9158565.0
6501,9000234.0
6090,4590640.0
21237,10562355.0
6964,6193875.5
18773,5452341.5
2432,15527862.0
5967,4069052.75
18765,7702825.0
12604,3549540.75
13802,3726072.0
13273,4926447.5
24720,6913854.0
13177,4702911.0
23766,5254343.0
16171,5907250.5
19950,5031610.5
19187,13967541.0
26168,5440768.5
25586,9583824.0
8971,5847138.0
16194,8896430.0
5743,4683419.5
3488,5089785.0
2803,5002095.0
8322,5748077.0
18665,4619568.5
8094,4501338.0
21167,5075815.5
21981,5025016.5
18259,5410287.5
24454,6546779.5
17011,5201514.5
12018,11913370.0
23400,6024128.0
11363,9902411.0
12054,5039539.0
15721,4411627.5
17201,5135382.5
29181,3615026.75
8716,4893123.0
1449,4127305.25
8224,3389079.75
4829,3374695.25
26308,6355858.0
7554,5582545.0
20871,18371440.0
13769,4632963.5
18944,4202905.0
16889,3872274.25
20658,5448240.5
9372,3489485.0
20943,10271809.0
13020,6834934.5
1132,5689513.5
7540,5027005.5
22705,5450677.5
16263,4379792.5
6253,5144009.5
27764,6972560.5
9080,3339105.5
15448,3574652.0
26972,8141012.5
23944,3963539.5
24111,6659059.0
24375,8666798.0
11739,6656068.5
24712,5335514.5
7832,4899067.0
10900,4583426.5
20859,4482267.0
20123,5014575.5
14822,5582566.5
23965,5639566.0
7393,8102455.5
8855,4028333.5
18425,7346456.5
8753,4942126.5
9481,4632543.5
5640,4127136.0
27513,10061632.0
16626,11826930.0
15437,4621961.5
3137,2876889.0
25807,5603395.0
29964,6573813.0
7214,5816355.0
22022,4599720.5
6783,4417749.0
9709,6643974.5
14059,12015239.0
25491,5279689.0
3542,5768665.0
4880,4051024.75
24150,7782289.0
30341,5638012.0
25102,17257220.0
21858,4538966.5
8983,3257037.0
8517,5525499.5
13046,4307874.5
26486,6875212.0
21233,11100734.0
17609,5259361.5
28286,3932904.75
6479,5729021.0
29418,3360160.25
4724,4764133.0
20293,5845928.0
27087,6886676.0
7365,7391186.0
19571,6024921.5
9251,3454687.5
13671,3684861.0
2590,5036656.0
10615,5353027.0
10980,5545666.0
9945,6102851.0
18980,7608562.0
26188,4666166.0
23751,9645791.0
27956,6434140.5
16953,2294371.25
25696,5158403.5
29542,3139379.0
8350,5293321.5
17180,6720349.5
22684,5471980.0
14499,5913992.0
19652,6300006.5
26660,5545750.5
10470,5243745.5
28831,5367278.0
15189,5742411.5
29387,5498764.0
8553,3560963.75
12865,7009389.5
23327,2371656.25
16490,4779186.0
5472,4423702.0
8065,3613668.5
15213,6056190.0
13928,3799670.75
12029,9290680.0
21004,5615849.0
14627,4769478.5
22614,6064339.5
3672,3627452.5
2308,19943266.0
27794,6555288.5
10233,4953394.5
24396,2102173.25
27888,5966848.0
25050,4975020.5
19884,9513343.0
26586,5881213.0
28528,5207594.5
8070,4787045.5
27487,4817602.5
6927,3393361.5
29401,9681660.0
9983,7959664.0
4925,5086000.5
17955,4876976.0
521,3679449.75
21088,4441481.5
16840,4596497.0
3541,8748253.0
15891,6929630.5
10991,4689779.5
219,2272982.5
11276,8801308.0
29939,5603069.0
246,10907497.0
10417,16115992.0
28414,4814368.5
3128,4799053.5
24813,17355884.0
3910,5356509.5
23940,5581448.5
8992,5092412.0
5426,3317195.75
19078,4049147.5
2568,5659738.5
28723,11872132.0
19021,10260472.0
17345,5536102.0
10552,5706685.5
9078,4101017.25
30116,5114210.5
27826,5696745.5
17269,5254959.5
7446,11764856.0
17234,4278135.0
6953,6676724.5
12433,8125700.5
9977,6041175.0
8220,4126530.0
9518,3328512.0
25698,3413605.75
15488,6267789.0
15997,4219218.0
16934,4688706.5
27276,5000721.5
12032,5555363.5
19936,12471444.0
20553,10790254.0
16841,5195090.0
8558,3511558.25
6291,3639282.0
2760,6577513.0
2915,5314297.5
13282,4042757.75
3810,4848123.0
8710,6871167.5
22587,18011124.0
21209,5905453.5
4615,4935673.5
5156,3559731.25
1706,5211828.0
21378,14069869.0
8713,2951393.75
9605,8998277.0
1473,9393851.0
19311,4640135.5
8688,3869771.25
4194,4274640.0
1346,4293990.5
18686,6927080.0
7797,5769738.0
6159,5904851.0
10338,9213703.0
9612,19951560.0
6664,3368496.0
4852,3372764.75
15907,4506961.0
26096,6643980.5
15318,4059029.75
4714,4046869.75
14792,6552788.5
10484,12516149.0
30459,7170858.0
8981,7758161.5
9438,6098662.0
24077,5968481.5
5694,3313186.75
28596,4267642.0
432,5000201.5
28049,7858848.0
10549,6513561.0
27530,6373594.0
23662,3722286.0
510,7590190.0
10270,4538391.0
16409,6590278.0
28382,4981515.0
22175,4699360.5
14591,14719245.0
1304,4676452.5
27696,5151118.0
543,3945343.25
7964,3015839.5
2180,5281849.5
23954,5677394.0
22948,7570476.5
10207,5135137.5
15839,13349495.0
3823,5272866.0
21464,4579459.0
28976,12007632.0
16795,9426571.0
6798,3615575.0
11537,4680468.0
15670,13211898.0
19083,5147052.0
4575,6386791.5
14048,6220288.0
16668,4815888.5
28552,6345900.5
12289,3976431.0
5020,3986261.25
2235,5287171.5
3263,5455379.0
28862,8199810.0
1995,5948593.0
5902,3496587.25
27946,9120614.0
21287,4865589.5
2373,4652369.5
28419,3374679.25
4418,4830341.0
5547,4925028.5
15461,7853124.0
22572,4532893.0
3863,6945595.5
20807,4199755.5
18429,5814386.0
21467,13846004.0
9689,4163545.5
4356,5275124.0
15250,4918251.0
6685,3536855.75
18917,4337233.5
24952,3280156.75
20011,6353979.5
12198,4791220.0
26176,4173233.5
6167,6171764.0
15687,5806761.0
8726,5827620.0
20088,4966961.0
11368,4182608.75
22231,6689120.5
24595,7879395.0
3957,3262138.0
15936,6570616.5
9084,3513916.5
10896,5627698.0
21790,5899723.0
22597,7446740.5
3096,5838401.5
13359,5685955.5
29155,6958703.0
20981,5888357.5
5250,3629732.75
17127,4605575.5
28969,4008505.25
2889,3335429.5
25605,6977389.5
3005,3831295.0
28077,5919369.5
30174,5567015.5
15385,10399394.0
25376,4821361.5
14214,4238576.5
7545,4405312.5
9615,5339169.0
12667,11144075.0
12068,9183316.0
14045,7123540.5
29503,5747265.5
24455,7790316.5
30338,5940310.5
20137,15642128.0
11941,5653653.0
25330,5272217.0
7609,4323383.0
16413,6081065.0
8388,4350768.0
23613,7716235.5
27713,4863984.5
19319,8187299.5
26079,12148364.0
28282,4570942.0
584,3643028.75
19875,9769792.0
30330,5646810.0
22739,7767563.5
25229,6955717.0
17052,6109012.5
22139,5664236.5
24697,5153230.5
28118,8214649.5
22438,3701524.25
24775,6766330.5
18027,6622239.0
20610,6250878.0
3628,4590088.5
10057,3648083.75
15315,8358889.5
28965,5530260.5
21060,5382230.5
12622,9410277.0
18493,12337390.0
24571,6544301.0
8926,7062815.5
25225,6191406.5
4202,4380164.5
25479,4826533.0
7667,3702039.5
23426,9360494.0
22414,4461434.5
20572,4767536.5
19372,4140042.25
23795,4109387.5
14236,5099249.5
29649,3014761.25
14360,14499283.0
24759,4307981.5
12855,4363541.5
15154,6626844.5
22078,17172670.0
6556,6108441.5
7238,4308113.0
22991,6498707.0
23021,6385458.0
10903,5509177.5
23570,5174145.0
27740,4436046.0
21816,4272728.5
23409,6152899.0
10388,8399307.0
28696,3229884.75
16639,5684681.0
10193,5642982.0
4823,4955227.5
5782,18311724.0
24726,6110194.5
5597,5992407.5
20427,4745369.0
29999,4912030.5
4243,4697416.0
10942,4732606.0
2156,3678085.0
5497,2830332.0
19385,3945715.75
5183,6234868.5
24668,2399338.0
28436,6197018.5
28421,7910808.0
19134,6762956.5
18120,5397229.0
10589,5225046.0
2798,4691851.0
27304,7501883.5
7761,5423729.5
15037,3930955.0
26462,34212764.0
14162,4498377.0
22055,3566588.5
14679,7458681.5
25424,5614269.5
22803,12512616.0
15105,3710685.25
9307,3703123.5
20792,4540525.5
17596,8939260.0
30066,6949683.5
30392,4706510.0
1934,11653390.0
4791,4459532.5
18041,3621814.5
14767,5370202.0
12451,6207452.5
11353,5888818.0
28095,4274578.5
18690,3684745.0
17884,6276145.0
5881,6832777.0
14867,5396055.5
3552,4940835.5
17991,4888151.0
6018,5668305.5
24680,6268793.5
22502,8080686.5
22982,3463142.0
8766,5080920.0
19691,8304865.5
11909,10833477.0
20539,9198339.0
18770,9129648.0
14415,5013930.0
3006,4190993.75
20768,3913677.25
13736,8618638.0
20581,5425721.5
5721,5534544.0
20813,9289758.0
21044,5130732.5
10516,3472064.25
26353,4378586.0
20656,4544199.0
27154,11270815.0
7653,4368925.5
24141,10472904.0
16271,6130735.0
27879,4041832.75
9609,5632079.0
21954,7547106.0
21195,4509222.5
14050,9770239.0
24350,6050867.5
11508,6387723.5
15970,6803296.5
11159,10778488.0
21411,4886557.5
2651,5775325.5
17920,7554451.0
19715,6104958.5
5537,4110422.5
4354,3029685.25
24245,15053479.0
26879,5016230.5
11111,6307383.0
25501,6886846.5
25110,4138869.75
4784,5188074.0
18656,6314298.0
13959,4440363.5
16270,4338205.5
6935,5624264.0
30260,5371385.0
29808,4786721.0
6973,5920250.0
27444,3580875.5
25717,7698749.0
27315,6490432.0
25964,5277106.5
16250,7029914.5
6573,5589076.0
15968,4211905.0
25251,5627402.5
650,11669450.0
27539,7161105.5
5133,8200318.0
14136,3163171.75
10258,5883822.0
2899,4483131.0
24525,6428963.5
21760,5486433.0
18902,4859950.5
3216,4302590.5
24222,4868838.5
18936,22286886.0
744,4543938.5
3458,4401843.5
11023,3920475.75
175,4282793.0
18673,6417111.0
9320,4530576.5
5813,4434777.5
21500,6475902.5
6278,3601427.5
13648,3971375.25
27404,7722375.0
15797,4901198.0
10855,6125230.0
10737,4985783.0
15473,5323011.5
26540,8249341.5
10601,4345667.5
19647,5159008.5
15604,4314334.0
1102,5083387.0
11217,5328695.5
6566,4056557.0
8172,4914818.5
27825,9787828.0
13211,4213990.5
4138,4559717.5
18573,3956994.0
8910,9091713.0
15110,8597032.0
4741,5289769.0
18629,6243621.5
28688,5335773.5
28183,4432113.5
22763,2640369.5
10550,7784924.5
5569,5396801.5
21993,3982229.75
1521,3763402.0
4455,4126246.5
1826,5000869.5
16644,7127339.5
28641,6701648.5
17761,10592576.0
7929,23416674.0
27186,4579350.0
18466,6780464.0
5026,4368196.5
3516,4292140.0
21275,5611689.5
12336,5760561.5
25109,5957080.5
9212,7601048.5
12011,6582238.0
29227,8672288.0
15319,6169245.0
16112,4657590.0
26694,6547522.5
16029,5184033.0
7783,4475172.5
21849,8249129.0
13996,3815994.0
3085,4171168.25
24658,4838058.5
4275,4181547.75
35,3271640.5
5701,2804941.75
17917,3681011.5
24565,2190699.5
28271,16660681.0
6184,4617084.5
4337,6292884.5
6105,4390482.0
27329,7257953.0
555,4541906.5
10462,3837650.5
19032,19915708.0
6405,4798756.0
11122,6983581.0
27488,4285101.0
19339,9526943.0
13025,9236508.0
15035,5050470.0
20333,6052091.0
20794,6368411.5
2263,9748200.0
8068,4771817.5
21580,4911623.0
25025,4718302.0
27529,5358502.0
4307,5420549.5
13803,4498634.5
3892,3845553.0
20459,5894813.0
7957,3805621.75
12521,6114030.5
25426,2741923.25
13573,4921108.0
4929,4743848.5
19866,4313502.5
15993,6534322.5
7795,4975580.0
21686,8476397.0
17575,7620311.5
8948,4738499.5
22507,4636464.0
10382,3726278.0
17950,3516913.75
28219,5128066.5
11369,6744503.5
9317,3431695.25
19839,4098241.5
11553,8667137.0
23933,3527484.75
25907,19351184.0
7072,4459979.5
9283,4746175.0
23138,17100696.0
3525,4558448.5
344,3039893.25
18107,5310001.5
9969,7990429.0
19861,5130864.5
14461,4136273.25
13486,4263688.0
22711,3998124.5
13662,5852226.0
17707,6212640.5
12536,4632388.5
22871,7119370.5
7521,7099484.5
6591,3943635.25
28851,4556527.0
6817,4839341.5
4854,4740624.0
8705,6088725.0
6641,4648014.5
1682,4306971.0
28176,2289342.0
9890,3876553.0
2600,4092933.5
7772,4234168.5
22567,5596751.5
4316,5842294.5
21961,18145914.0
3240,4259282.5
23585,5232855.0
15457,6551176.5
28795,6344116.0
7972,4439313.5
25289,7398287.5
11610,3404259.0
1355,5042755.0
15336,5669219.0
8453,5007884.5
17738,5025774.0
23219,5015675.5
3160,3833034.5
21497,5138498.5
8253,6506676.0
5012,4207252.5
12849,5761875.0
15554,6352876.5
23606,4275618.5
18076,9705733.0
25470,4203847.0
26560,6415807.5
3854,5762853.0
15164,3773349.75
19208,5889868.0
23850,7817883.5
15001,3576428.5
30201,12498590.0
8060,3616764.75
25111,11674325.0
3154,5604052.5
27026,4491188.5
10577,4702691.5
17839,4202416.5
13865,4358351.0
12735,4345531.0
504,4960362.5
14016,6619915.5
16259,4152197.0
23407,7453213.0
28159,6937280.5
7862,3364187.5
7,4840052.0
25839,5303336.5
30050,9731276.0
16445,5691006.0
13918,3722428.0
6943,3143876.25
25415,13268315.0
28397,3982108.25
20497,9676214.0
27621,7618059.0
23620,7810029.5
23694,6767518.0
22952,6599102.0
23741,5453345.5
7711,5396781.0
18444,5482646.5
27721,8211900.0
17031,4051218.0
21363,6263206.0
26044,2112559.25
16242,2370430.75
2256,3754565.5
22230,3394831.25
18091,6546205.0
5763,3260822.25
29100,4334930.5
9340,7789803.5
3876,5769908.5
6577,4096041.5
15978,5970360.5
30247,6869451.0
466,3804867.0
30403,16821066.0
47,3948964.25
27124,10605312.0
4212,4684938.0
17832,4879041.0
13968,5720389.5
26900,8108276.0
1148,4073179.75
7467,4837578.5
10566,4277972.0
30382,4667225.5
16736,9112877.0
26785,19516314.0
17715,6858244.5
3351,4540620.5
22127,4758125.5
4845,4842993.5
4902,4332996.0
13828,4402792.5
30156,2494969.0
3613,4921788.5
8175,3527555.25
19336,8125003.0
17646,13601838.0
17461,15958371.0
1632,8212417.0
29458,6080398.0
8335,5840222.0
9845,4283638.5
14954,3422648.5
25664,5838969.0
14323,9761541.0
15286,7462900.5
4482,5765106.5
26140,4177992.25
26245,10562495.0
27108,10986568.0
13788,4914027.0
18894,7748091.0
22681,2671631.0
12663,6662533.5
10556,6501348.0
3109,4787022.5
20024,4880153.5
26599,10492398.0
21423,10931218.0
29465,4757023.0
6902,3659607.5
15822,4851813.5
8712,3221947.5
887,4035081.0
4514,5953979.0
28362,5761798.0
15147,5456180.0
11146,3996649.0
3939,2554920.0
10430,5548713.0
14316,5104246.5
24966,10661411.0
25793,4503691.0
27436,5538314.5
1945,5251187.0
28082,6136865.5
9174,4118411.25
19228,6129870.0
17364,4218348.5
2335,7643624.5
348,4830018.5
23211,11837153.0
23909,8018475.0
6009,5708139.0
11723,4012104.0
27644,4771853.5
20147,6626288.5
16793,6086884.5
23930,5022836.5
29754,5620779.0
15013,5628454.5
13603,5142911.0
17796,5850630.0
21904,5738984.5
14881,5396055.5
17797,6535401.0
21564,4338561.5
17394,5806567.0
12701,9052071.0
24846,5207535.0
23457,5832941.5
22103,16658424.0
5901,2124321.5
21429,6662280.0
14559,5921752.0
9033,4594682.5
578,3851421.5
12357,5782076.5
2561,5397779.5
9016,3014597.25
13584,12340591.0
16045,4298837.5
26010,8988363.0
11061,4383854.5
5254,3640295.5
5257,3828004.0
22155,7833399.5
796,4454836.0
17664,3846778.0
12359,7017288.5
28546,9449451.0
27336,10420719.0
26241,6192127.0
24845,3750460.5
15740,11825622.0
9857,4303977.5
11922,8236858.0
13950,4602783.0
28878,5891194.0
25032,6191961.5
15693,5932882.5
26138,5480257.5
14964,3905575.0
15337,5380387.5
14108,7786543.0
14878,4839761.5
4786,5814042.0
3192,4154209.0
19449,11161327.0
5861,6167033.5
401,6118703.0
6792,5043346.5
9289,3316427.25
17743,6651024.5
17897,5349684.0
7556,4351357.5
25096,6009685.5
14677,10106351.0
9337,6110906.0
22179,5602951.5
21475,3294606.25
16345,7269771.5
5540,5351965.0
13252,4176239.25
16798,5105687.0
2004,4760258.5
27977,5419727.5
23205,6660043.5
28693,4569273.0
18242,4080679.75
13065,4800953.0
2525,11048160.0
1943,4469990.0
14575,4186016.5
93,4519313.5
30093,6967442.0
8864,6534285.5
14755,5677881.5
9973,6295279.5
22576,4625502.5
5508,4594328.0
14129,7151578.0
9388,3548102.5
7607,4763769.0
17275,4113838.25
17754,5438278.5
11659,3794423.75
6751,8481362.0
28824,14818994.0
16279,12864998.0
22013,5866324.0
10661,5962565.0
11492,6738473.0
9780,5408539.0
14478,4787022.5
11257,4657563.5
1203,5079335.5
22941,6273464.5
11886,5033463.0
21963,11173745.0
13651,5388306.0
11609,4203815.0
8931,4959104.5
22823,5414241.5
26022,4257812.5
20810,4389360.0
6320,7507881.0
26318,4326455.5
18605,4616336.0
7593,3707084.5
6519,5534148.5
11400,3696641.75
18872,2370039.5
21216,5834254.5
15945,5262853.5
21602,5574708.5
354,5358532.5
22397,8828713.0
15620,6072673.5
8568,6304766.5
16210,4125180.25
27353,6312100.5
5748,3356659.5
19218,3967892.25
5255,9424971.0
6904,4416544.0
22270,5793082.5
10759,6096877.0
10867,4650573.0
15379,5946301.5
748,6561468.0
11577,7544788.5
7722,4772436.0
1443,5177373.0
26575,5690691.5
6292,4290273.5
28356,7309195.0
29913,19579774.0
28708,4037209.75
22117,6650878.0
28604,7613861.0
25508,5460261.0
3275,3984642.0
4204,5087310.5
29350,6122765.5
10112,10114547.0
10521,6890341.5
2369,7837083.5
5251,5320413.5
1097,6202422.5
26191,4522621.0
17396,5473545.5
29826,8334913.0
19842,10533284.0
10426,7015983.5
18179,5992738.5
18595,5016666.0
11568,4610423.0
26863,5430494.0
27547,5978257.5
17342,4265794.5
1732,4582351.0
1063,4358288.5
22350,8638948.0
19045,5713111.5
20601,4566667.5
21033,4181683.5
6380,4312396.0
17923,4298628.5
23534,4258576.0
28320,4630741.5
7437,4915719.0
29639,6513480.5
1554,4323193.0
17296,9588432.0
2708,4066228.5
15236,7287979.5
6227,6196900.5
15312,4321144.5
2303,4248297.0
25739,6457721.5
29066,3087464.25
23666,10258221.0
12586,5315113.5
11070,35520724.0
2785,17294718.0
23332,3983281.75
9796,6978195.0
27673,6855446.0
2138,4083412.5
22261,2574762.0
13875,7491981.5
14215,7750145.0
24954,3980168.0
17213,9854571.0
18290,4418751.5
16759,14730704.0
20346,5892233.5
1128,3539494.75
3315,3563314.5
17583,7065463.0
12416,4147816.0
11888,3975213.75
631,5192974.5
23679,3251528.25
5173,9298995.0
3298,4166771.0
21082,5178889.0
19022,26471078.0
2410,4456254.5
20080,4584571.5
19224,3330877.75
19435,6137638.0
15432,5966524.0
16543,8488142.0
15959,5238782.0
2631,8404572.0
17237,5850189.0
9561,4888249.5
13639,7279567.5
10290,3999062.75
451,6138340.5
28195,8385533.0
26333,4725336.0
29820,5424329.5
6108,4070752.5
6874,6707703.5
15209,5183302.0
2420,20854530.0
17075,5275104.5
16081,3824563.0
3731,4880940.0
8410,3745010.0
19196,10237287.0
23264,6005033.5
17546,6114829.5
10439,4843959.0
27606,3593293.5
20058,5461323.5
13396,5036924.5
11663,5472616.5
5017,4127931.0
28664,5762523.5
19898,5607816.0
5637,3364460.25
28445,5799317.5
26869,11232036.0
8176,4461757.5
276,4712892.0
13013,2006496.875
16998,5417443.5
2240,5138734.0
20946,5183311.5
26498,2382658.0
3289,3120719.75
27106,5420704.5
16337,6843994.5
18164,6765711.0
27183,7894935.5
23282,2567898.25
15095,4880470.0
4114,5061903.0
1505,4807528.0
17861,5306376.5
21738,3672470.0
15922,4708584.0
26248,4276728.0
12145,6203357.0
5492,3836325.75
2905,5170775.5
21289,4914275.0
30336,5352169.0
7820,5993087.5
28166,6432165.0
25638,6823556.5
24554,6552576.0
5923,5358757.5
18990,6205096.5
17780,4513606.5
22703,5955239.5
14702,5058153.0
10603,5860078.5
14972,6651588.5
13545,3870590.75
28178,3912053.75
17599,3621976.75
22206,6049286.5
15142,7717972.0
15754,7522817.5
2347,22134672.0
23251,7076657.0
850,4922323.5
14990,6116888.5
26746,12007885.0
26148,14033633.0
14618,9046290.0
20393,5915396.5
16053,6965323.0
17168,6947000.0
29907,12760719.0
20855,3393067.0
16044,4858254.5
12425,5376126.0
7769,4061446.0
21053,6697380.5
14628,5949001.5
5163,5421056.0
10865,3989368.25
4081,6861050.5
6134,9192043.0
22897,7571494.0
15004,3480226.0
14664,6474142.5
12136,4782081.0
23709,4712887.5
6158,6083628.5
7289,5655379.0
2713,8367782.5
27181,4377559.0
13919,3713605.75
7139,8048607.0
347,4661838.5
14816,3535348.5
30400,26233184.0
972,5737025.5
21021,11924283.0
5381,5001837.5
9242,3779782.0
22458,6065542.5
22265,3277774.0
3521,9750766.0
2974,4061043.25
17133,13171164.0
30040,5939461.0
12110,5528225.0
24086,4047688.25
25385,8412374.0
16374,4925780.0
3046,4417057.5
27614,6965389.5
17659,4751156.0
10216,5021553.0
16975,4767910.0
15527,5908828.0
24600,5882722.5
27292,8558902.0
14508,5367626.5
6853,4399850.0
4548,4827444.5
5500,5376382.0
17695,5180060.0
30463,6659745.0
26805,3842359.75
23866,5127010.0
9363,5869010.0
15885,3933790.25
20845,5912542.5
15700,5149914.5
14141,5292347.5
16628,4560096.5
13725,3510661.0
3774,4212700.5
15150,4757594.5
9421,3665084.0
23333,3462039.25
28045,4543223.5
23670,5401147.5
8550,4059661.0
16629,7641758.5
29238,4661914.0
29328,4565174.5
25306,4656755.0
12476,6376701.0
18938,6241692.5
7377,8406872.0
26236,8984780.0
670,4254999.0
26902,4608084.0
22643,2765379.25
13660,6022135.0
15689,13163931.0
1501,4203795.0
3427,5763045.5
25798,5528852.0
12798,4734136.5
27321,7663002.0
6565,4377512.5
2931,4417108.5
3059,7381085.0
15504,6042425.0
17704,6662623.0
14806,6237372.5
26226,6364228.5
26169,4957269.5
29736,5590163.5
16852,9962997.0
5975,3824979.0
13361,3872030.75
24125,6485897.0
19381,6058524.0
13927,4881605.5
27095,5879520.0
21300,4856679.5
26196,21616234.0
22439,12699193.0
19902,7754566.5
4330,3909700.5
24579,7390953.5
20217,7201553.5
18028,7501683.0
13401,3546810.25
26177,5435950.5
10977,6108919.0
16212,3451002.75
8669,3361471.0
11475,9265480.0
20554,4708732.0
15845,25978596.0
11326,11994723.0
18794,6580788.5
23151,4505697.5
13206,8125383.0
28737,3008583.0
6255,4859343.0
6481,3752041.75
5440,3397007.5
20541,6538418.5
26985,3176867.0
27107,5338777.0
26899,6046731.5
20736,4098073.25
4702,3015575.0
9769,9169874.0
11873,4815273.5
4149,3514697.5
281,9889575.0
26362,7471766.5
16567,4727594.5
1466,7777051.0
4377,4376765.5
12311,5723178.0
16273,9556153.0
7281,3314511.0
8356,5653502.5
21637,20597968.0
20735,15009299.0
4483,4976871.0
5768,9108845.0
5581,3709280.75
1619,3414009.5
14357,5650597.0
30074,9048274.0
25454,2705078.0
24504,15788493.0
1837,4956541.5
26290,8791190.0
6544,4065046.0
20915,7143664.5
861,4907194.0
6190,9407460.0
25034,5041601.0
21054,4544870.5
2169,3918790.0
28755,4582168.0
7271,4282221.0
16465,3148683.0
8658,21368718.0
17674,6776295.0
17837,5573863.0
28906,5018393.0
19580,7114375.0
12220,3122774.0
6542,3039756.75
13176,5811675.0
11098,5975350.0
6466,4827757.5
20942,4718986.5
25868,9282444.0
24986,8219539.5
24657,4725962.5
19874,4938244.0
28536,5745161.0
29434,9805841.0
20609,5085050.0
22903,5543540.5
23416,7712645.0
7716,5029312.0
17502,10491538.0
5536,3686168.5
198,6133945.5
24606,4831506.5
26057,3856530.25
25052,6299958.5
6972,4198098.0
21249,7207779.0
326,9638196.0
25380,5024226.0
15064,3698017.0
315,4287929.5
15543,7383915.5
5840,3696254.0
2434,3517571.25
22917,4222092.0
30248,9323699.0
3956,5630532.5
5896,3889009.5
13296,5736303.0
24048,11338194.0
19849,5466581.5
15188,4317379.5
11168,5601733.0
29528,6270928.5
478,4443218.5
28814,6219611.5
4220,5299984.0
16971,9867850.0
24912,7628309.5
13568,5422850.5
26634,5530613.5
1690,3684643.0
25054,4942612.0
24583,7132207.5
24552,4143972.5
8529,12296748.0
7537,6049529.0
14757,7291163.0
8159,5501250.0
19841,3663260.0
4215,4264200.0
781,3664357.0
10638,5935632.5
29279,4905308.5
29876,3771863.75
15193,4258698.0
29380,9303855.0
2614,5454333.5
28459,2345022.75
27328,5029681.5
30055,7259538.5
24566,5202094.5
19770,4139489.5
28348,5365620.5
21140,4512892.0
5785,4837726.5
15363,3761636.5
14031,6481432.0
6283,3173989.75
18163,3745477.75
11166,4380624.0
28150,9324126.0
21567,5230236.0
4935,3551704.5
6672,6117949.5
29564,8312504.0
11462,3354617.75
21428,4042623.0
29648,4851254.0
988,4594275.0
29384,4137003.25
28247,6582596.0
20402,4953810.0
6434,9845816.0
13532,3578608.75
24392,5101769.5
680,3718741.25
19775,6054157.5
18612,21043886.0
22508,5179111.5
25982,7254403.0
4290,6817266.5
5920,5822626.0
25899,8160079.5
18035,5837566.0
7334,3015333.25
21814,1794548.125
25311,4069782.0
19161,4585442.0
25194,5157990.5
10788,10561710.0
16496,11873513.0
10787,3263239.5
17045,3599326.25
18538,5926537.5
22407,10867314.0
25271,5092664.5
20357,2766919.75
3769,4271217.0
15441,4017920.5
12467,5858977.5
28617,11669450.0
23054,12243178.0
18383,5347547.0
20428,8530031.0
1393,4638007.0
21550,7619883.0
18439,5736899.5
25288,3940789.25
26450,5106135.5
23899,35909896.0
4624,4901492.0
2485,4369067.0
27348,6520814.5
11420,4609833.5
13601,9643105.0
23664,7981343.0
12375,4675926.5
23255,2180993.75
6896,4539979.5
12368,5730207.0
100,7030035.0
26981,6226235.0
27434,4950206.5
9187,4278441.0
15179,6177122.0
7509,5475634.0
21007,15089527.0
5790,15380392.0
1442,4280343.0
5262,4220308.5
11342,6078142.5
17521,8388101.0
9274,4709239.5
29212,9189064.0
23877,4608545.5
8818,4089999.0
13625,4133639.25
26925,5716714.0
15144,6806658.0
10542,6590303.5
10822,5644624.0
1271,5059576.5
24682,8362278.5
17162,4491377.0
23286,6204250.5
29890,4548569.0
3814,6115640.0
4005,4211587.5
14625,5209070.0
22225,5588063.5
6601,3740733.75
19274,10051964.0
23439,4226342.0
23317,4547285.5
16177,4817432.5
12583,5359580.0
9930,4351917.5
14094,4142538.5
26332,4729123.0
25575,5430463.5
8164,3213015.25
18705,6537196.5
9482,3289589.25
26807,5110768.5
5589,3904108.0
21376,8574441.0
18037,7011375.0
26619,13684876.0
14505,3067474.5
10665,6683298.5
26732,15375318.0
9474,5480884.5
27433,3974224.5
28523,7352947.5
20959,4572786.5
20064,12874793.0
1500,4595011.0
2249,5487391.0
881,5376002.5
7940,3741661.5
26469,4438043.5
28304,16506104.0
19989,7287903.0
13593,4224936.0
20557,18754414.0
2748,4608695.5
1033,4399720.0
21206,17315314.0
29122,10213669.0
711,6683496.5
12146,4770593.5
18011,7213809.5
10268,2525966.0
27872,5173508.5
14364,14034115.0
17101,5382487.0
8139,6152922.5
3635,3919904.0
21820,14672322.0
20103,5362975.5
12272,3775588.5
9961,5193242.0
22186,6531868.5
27790,6677469.5
8518,5654969.0
1314,4343227.0
7231,5816355.0
17273,4463064.0
27652,6532547.0
8053,4140318.75
4254,4919039.0
6918,10458591.0
10016,7060041.0
11310,4170694.75
19249,19007652.0
1808,4758343.5
27392,5959267.5
14002,6900561.0
3296,4166747.0
27130,6262967.0
18751,5062829.5
26396,5785441.5
11895,4017782.5
22123,10942149.0
4676,3454038.5
27910,4796793.5
26159,3800884.75
875,4530511.5
34,3657161.75
6464,4513877.5
3411,5177181.0
18499,4211037.5
13901,7396453.5
4774,3396547.5
11232,6833110.0
7611,5413214.0
13682,3952294.75
3032,5664436.0
4319,3445212.0
18565,4934760.5
5600,5764381.0
24215,3911725.5
14906,5995060.0
25089,5627719.5
8886,6649077.0
17383,3983380.5
6561,6092349.0
28531,5056914.0
11491,4906651.0
16683,4145478.75
24762,5573193.5
2167,5595465.0
15690,4717299.0
24900,4319438.5
27930,8235813.0
7507,6042782.5
2774,3973830.25
21953,8642375.0
29759,3757255.25
7508,4960759.5
4806,3205782.75
12733,4441456.0
10370,4901847.5
6909,6004283.0
19486,7764238.5
11858,11537061.0
1427,4463391.5
18604,13031825.0
9576,5353807.5
11987,5257034.5
5873,3511230.0
9626,3392863.25
17438,5541204.0
30284,8164485.0
14537,2021100.375
8691,5184350.0
8907,6153169.0
5945,5935191.5
23023,6364367.5
7690,5744065.5
20904,8027733.0
26982,6588085.0
8534,3424150.0
5007,4925756.5
26120,6172182.0
29534,5405233.5
15717,12460482.0
27063,6729694.0
3419,4631739.5
28342,4222087.5
29899,6636508.0
29733,4804379.5
25024,4574038.5
25378,3691044.25
3502,7472152.0
6945,5549115.5
20668,4026858.25
920,5808350.5
11931,6777826.0
16811,6002462.5
1404,4986753.5
28601,9152452.0
23730,9580864.0
25859,4952861.0
1720,4529246.0
25978,6915845.5
12138,4929614.5
18238,6213315.5
15940,4194632.5
24184,4980950.0
2907,12376703.0
24750,8922516.0
16114,4316358.5
16343,5208657.5
9172,7627902.0
27217,11543399.0
4092,7667915.0
29135,5215796.0
22297,5182886.5
23376,5300661.5
12791,16782610.0
2195,4358584.0
27280,3849563.25
10062,3528638.75
1113,9478170.0
21939,8973255.0
2676,4314338.0
2293,4536071.5
13360,12698515.0
8809,6161977.5
14605,4713575.0
26762,4344540.5
1493,4460349.0
26078,12942921.0
15101,3958066.0
30378,4704490.0
6067,3206296.5
16016,4091122.75
21124,4252938.0
25988,5261418.0
21087,3354595.5
13780,5364157.0
14608,3736188.0
6671,6060379.0
7649,3613396.5
29581,5870672.5
15010,8499994.0
17830,12859479.0
25637,7360250.5
10750,6435674.5
19374,10737982.0
1856,3696514.75
20561,4864262.5
8161,5296750.5
12305,6254503.5
19015,5324474.0
22862,9729922.0
15679,5035738.5
18747,4288580.0
10691,5753621.5
19808,6666811.5
20842,3622895.75
11053,4476999.5
17260,5165270.5
13916,5154371.5
7989,3186865.5
19461,4868690.0
29261,3996557.5
16638,4730580.0
14872,4584585.0
9753,3615695.75
21048,9366262.0
16355,5196610.5
13766,15487960.0
25459,4811725.0
4919,8005294.5
25558,4996016.5
12003,5215293.5
19321,5318947.0
14408,7903222.0
10710,7874610.0
2036,9942192.0
16187,6538518.5
25731,8624681.0
12478,4618529.0
8069,3731971.75
5295,4903315.5
4591,3951944.25
8125,4522021.0
19133,7254098.5
22311,7411811.5
8592,4610638.0
2569,3542618.5
3012,6971808.5
2504,5247117.5
19881,9183176.0
1683,5244225.5
20400,6071943.5
10763,6351840.5
16448,3326779.25
29389,6075355.0
29809,7959801.0
17653,4351506.5
2307,17624964.0
9777,4820847.0
1959,6680367.5
22335,6222714.5
2706,4811408.5
30013,6731658.0
14262,7391341.0
5992,3685824.0
11235,6302157.5
1298,7028601.0
20303,7539250.0
22984,6780192.5
26503,4870547.5
18937,5627660.5
29822,4559144.0
2646,13578949.0
24514,5439025.5
24622,7192960.5
9694,6052483.5
53,5270628.5
20540,6440052.5
19127,7813083.5
28185,7080329.5
14589,8345301.0
15090,5471139.5
8523,4262102.5
5532,3448814.75
9165,4538304.5
3386,5625363.5
28858,6396099.0
5807,7206685.5
3382,5847573.0
3612,4839655.5
10302,3228499.0
27174,7087071.5
4518,4610730.5
12351,6944357.0
3832,3908761.0
506,5947237.0
23368,6360005.0
14870,15206512.0
19972,5924430.0
11204,4497189.0
13596,16569316.0
3581,4479827.0
29792,7180685.0
19028,6442577.0
9012,5337560.5
25765,7616874.5
7995,3448101.25
4177,4863335.0
24064,8773928.0
17389,3246267.0
28062,8943575.0
20446,16037860.0
27370,4048560.5
5040,3233697.25
19388,10102766.0
12630,11364934.0
10195,3916201.0
9550,5219826.0
22748,6557964.5
3965,3581541.5
2546,4499025.0
27023,4923253.0
3559,4378189.0
12264,9151300.0
19110,4326571.0
12391,4707843.0
8929,5602177.0
24071,7440600.5
30439,5148731.0
8391,5392135.5
17357,6664033.0
1760,4578232.0
17687,6453572.0
19670,8735330.0
24864,3718925.75
8908,5293730.5
5256,3477435.75
29438,8349344.5
10547,4030001.0
23078,5202194.5
10374,3527299.75
12274,3285670.25
20754,6214697.0
18093,3352794.75
9254,3422171.75
2415,3978414.75
18046,5408430.5
12365,5960137.0
5850,4515316.0
19153,5236949.0
28710,2481758.25
4062,4992359.0
26499,12290979.0
22356,6350417.5
11148,8516262.0
25597,6314394.0
3696,3036827.5
17992,8252670.0
10622,6299399.5
28516,4385878.5
19371,6949445.0
12714,5343142.0
24477,3832526.25
6670,3301126.25
7381,6016245.5
12907,3639931.25
29127,3533730.5
26794,11881238.0
3147,2478295.75
9138,18350008.0
13866,9518261.0
24356,6318581.0
20375,5422664.5
16707,10452210.0
29200,5954779.5
6457,5826303.5
21416,4277719.0
9832,2564760.75
11665,4764259.5
20670,3928706.25
18714,6660081.5
19128,5291540.0
9815,3433646.25
24402,4471525.0
16055,8535109.0
19347,3817857.75
11172,12304654.0
12137,4030888.75
16294,3861163.5
5367,5693232.0
25220,5414308.5
4984,3931191.25
2535,4051720.25
25568,5905724.0
11934,7165539.5
11158,5205589.0
23243,7777526.0
29113,3104707.5
9459,11858349.0
12871,4249046.5
28361,4744998.0
24382,4793455.0
18886,5925605.0
2086,4303050.0
2873,5160898.5
24628,5786622.0
30126,3994801.0
22783,6246373.0
7948,4376594.5
29435,5268829.5
1989,4491154.5
24520,5919680.0
22790,4398486.5
28833,8322554.0
283,3872931.75
3254,4452478.5
1712,5151339.0
5634,4646596.0
17024,5146198.0
511,11599658.0
2067,3813222.0
26978,2931538.5
26383,4908233.0
15854,8900096.0
21702,6971224.0
6147,4986496.5
16819,10825731.0
17718,5270508.0
14786,12381166.0
28256,4439952.5
26802,5958512.0
20934,3128658.25
17516,6588876.5
5878,5088421.0
3847,4380870.5
12080,8759013.0
27058,5771917.0
20834,5010402.5
24790,5418229.0
6799,6093197.5
1588,10080534.0
18232,3490800.0
20781,5813770.5
12587,6889908.0
13997,5980851.5
26418,4876385.0
9639,3326370.0
22094,5666840.5
15725,3087914.5
4569,3991937.25
19192,7209126.0
13421,5967685.0
3225,8132251.5
15889,3835835.5
28711,5277288.0
1282,5448526.0
3950,4331715.5
1318,4346248.0
3014,4380026.5
27306,5080052.5
5741,4806959.5
4250,4143684.25
1991,4347790.0
25269,7084659.0
26930,5828193.0
2887,3758319.75
23271,3665098.0
2254,5333159.0
1985,3823057.0
19895,5595134.5
7962,4915564.0
16049,4546752.0
24859,33524094.0
1057,4600541.0
21529,5139709.0
26999,5198688.0
24727,4392693.0
10881,5703775.0
19578,4632583.0
26791,3090719.5
8965,4166810.5
1780,7144134.5
12185,5477451.5
16444,5652914.5
14807,4838838.5
18791,5006891.5
22253,5941477.5
20816,3868092.5
10406,4961289.5
5429,3047812.0
28206,5336893.5
4509,9839321.0
7295,5503711.0
2744,4441291.0
18408,5200389.0
14543,4304174.5
28772,5290738.0
8258,10094580.0
27148,7409535.5
6711,5226526.5
19568,5826775.5
19125,8607418.0
16504,6256585.5
16056,11553025.0
4447,3233737.5
30343,6066450.5
4990,8640571.0
3100,10079207.0
19860,9952627.0
11219,5681467.0
7867,4734068.5
989,5961666.5
27322,4573946.5
9455,10696077.0
27725,9438553.0
8911,3280579.0
337,3960954.75
11754,6188348.5
8913,6642232.0
14483,4938871.0
26234,8657719.0
16324,4731775.5
18958,4732335.5
9585,4717780.0
27638,5432307.0
13677,5036204.5
23003,5700920.0
21842,4246632.5
22718,5361758.5
5249,4946233.0
9882,3134547.75
8808,4682540.0
19558,6335282.5
29008,13745225.0
277,4967951.5
17070,4647349.5
17600,3532975.75
15059,5812279.0
12419,7152813.0
25254,2419771.25
25502,4785233.5
10684,6340474.5
21706,3689756.0
7468,7417595.5
5218,5125714.5
11079,5970474.0
25582,5805327.0
25046,5861733.0
11712,6135987.5
14207,4418263.0
25959,3509455.75
1412,9011588.0
16955,6076450.5
28011,3572079.0
18616,7768586.0
11677,7109729.5
10128,5826042.0
21839,6425439.0
18940,4736394.0
23192,9683175.0
5620,3420622.0
5489,4542820.5
663,4976387.0
16371,7054979.0
29481,5475080.5
16743,15360985.0
21864,6993344.5
12845,4628415.0
1450,4506535.5
4536,3261177.0
1002,4688375.5
21255,4620313.5
25464,4700562.0
952,9346062.0
27754,4262184.0
23749,6888246.0
8282,4443451.5
11530,8366195.0
30273,6845920.0
15510,5213826.0
24795,6813834.5
13147,9581577.0
6547,3141394.75
3544,3584008.25
15920,4723858.0
22829,8163169.5
10419,4163656.5
21700,16375622.0
15073,13689601.0
14466,4769451.0
13577,6606790.5
914,4735735.0
21818,6303750.5
14593,7823305.5
15771,6801058.5
12187,8023286.0
23321,5459688.5
9255,3502274.0
21819,5440846.5
26190,5285951.5
28870,3800660.25
28455,4701400.0
8544,5041808.0
16722,4250712.5
28844,17390978.0
6367,7928330.0
28434,5757244.5
11805,4632327.5
12335,8192930.5
13238,10372552.0
22894,6482267.0
8037,3513601.75
28894,5489605.0
6941,4415912.5
2745,24434628.0
14682,10827899.0
29830,7172376.5
3626,5107143.5
333,4325787.0
10510,5433919.0
11266,4364074.0
17222,6670220.0
25820,5007923.0
15136,9471791.0
28172,6229905.5
26824,5573448.5
10862,5798189.5
15518,3985409.75
2313,6688929.5
30216,7813314.5
28879,5180761.5
23759,3928204.25
18146,3943439.75
7317,3596008.5
3090,3922237.25
10446,4293982.5
25390,4236515.5
15360,4581717.5
4560,3816900.25
1195,8118419.5
21845,2934551.25
3998,5595935.0
4773,4754002.5
21947,7017121.5
10604,20302234.0
3737,4968553.0
16297,7260203.0
18409,11465262.0
9155,6392154.0
28637,6677546.0
12484,5124771.0
27422,7270770.0
27635,5708928.0
16769,8067050.0
28984,7538042.5
20780,11285830.0
3779,4279114.5
16233,23831434.0
11783,9650153.0
16875,5298903.0
24781,4799992.0
15624,6916749.5
21331,5260691.0
21046,10076132.0
11812,6074654.0
24114,18617340.0
26569,4797067.5
3740,6126270.0
20575,6538954.5
18812,3378965.5
11403,9279293.0
13558,4441409.5
26442,4238993.0
10524,5672924.0
23720,3928204.25
6842,6664599.0
14885,5529153.0
13413,7323428.5
17525,6936447.5
23641,4003577.0
27141,3969520.0
13318,6165034.0
20742,5328959.5
5606,4908195.5
29720,9851565.0
22757,4807876.5
4777,3504078.0
13242,5302916.5
9328,9721407.0
28329,31689950.0
19207,12904098.0
1686,4870770.5
11092,5026037.5
30018,5318607.5
6570,4427787.0
19345,23676846.0
2536,4595695.0
6781,4584961.0
6306,4720386.0
30337,5526606.0
19873,5168976.0
13121,4589484.5
9193,5771278.5
17477,3553198.75
16943,5653448.5
20876,4619546.5
6854,12438660.0
13994,4967245.5
18226,4676622.0
13948,4876790.0
12572,8333260.0
5150,5841871.0
9763,4550487.0
291,4541746.5
25826,22244758.0
28103,4975808.0
25152,36742480.0
7109,4498677.5
12310,4165571.25
11861,10068217.0
122,4543093.5
24882,6944595.5
21073,4982071.0
899,4422554.5
1257,3923225.0
22990,5005975.0
28034,6703553.0
24636,6042275.5
19595,5368030.5
18891,4426423.5
14739,4098335.25
5676,7282039.0
3724,4523423.0
30027,4581355.0
6911,7487052.5
8145,3410573.0
7404,3912527.75
20227,8965437.0
10269,3927728.75
25663,3434105.0
28013,6373898.0
17614,18622880.0
9660,3627162.0
708,5502257.5
26002,6569282.0
13442,6596880.5
15309,24273950.0
18018,7808182.0
3435,3917075.0
29968,6224044.0
26723,5111855.5
921,5116523.0
29501,8499369.0
24938,6455954.0
5004,4585512.0
24821,6045071.0
13145,4121157.75
12739,5020767.5
26822,5128682.5
1045,4749991.5
3614,2490879.75
16866,6884088.5
22328,4614395.0
17253,5108771.0
10017,3546380.75
26347,6493422.5
7491,3416602.0
29769,4346019.5
28391,6636837.5
3077,3974277.5
6087,4199299.0
23334,5047865.0
28123,6102967.5
17697,7230312.0
13506,20438842.0
24698,6804049.0
14429,3883232.0
8310,4406657.0
4886,8589476.0
17284,5973407.5
11089,4426799.0
13033,5351357.5
13370,4376749.0
23186,8934078.0
10662,3431561.0
21456,3040621.0
21297,7685969.5
26097,15486571.0
22120,6783064.5
25857,5952764.0
26621,9079479.0
22222,7876608.0
24907,5351000.0
8061,4968581.5
6643,3741957.75
4723,8850800.0
26066,5267629.0
13637,4105075.0
28130,10655170.0
721,3541392.25
2963,5412883.5
28385,5672139.5
23291,5723200.0
3962,3643654.25
5077,3652348.25
25630,4807959.0
21446,3916679.25
20205,8510709.0
6213,4156698.0
18868,5046363.5
17566,9708547.0
1464,4813336.0
28500,9343887.0
9437,4165817.5
405,4599457.0
7403,5799295.5
11953,7017215.0
724,3464559.0
6701,9738165.0
29941,5627328.0
19425,5186263.5
16617,4171486.5
29702,6105412.5
14843,7018908.0
8919,5410871.0
2978,3414540.25
3869,3701856.0
25127,4340978.5
29272,10669731.0
24462,6282990.5
29334,10140024.0
22785,9035701.0
25483,6577789.0
15153,3169114.25
19093,4085235.5
16816,6866006.0
25676,6065149.0
27868,6164011.0
23086,3909819.75
11703,6806768.5
28020,12905230.0
21172,7261096.0
15531,8570255.0
18785,3673755.5
6531,4931862.5
27401,18037734.0
13653,5149939.5
3186,6416132.0
23326,2830426.75
4612,3380161.25
9580,4709114.0
22287,5615881.5
10902,3859948.5
21069,11130692.0
26143,6284320.5
16935,11148752.0
13646,3876571.5
20296,6072279.5
27938,7609658.0
7016,3933302.5
24950,2714756.5
16179,2576896.75
17919,6048473.5
11052,3755271.0
7922,3585919.75
28699,2723994.0
1528,4425457.0
23188,3706883.0
13899,5171570.0
26208,7209800.0
2146,3001264.0
25654,2993397.5
30006,3182334.0
28317,5890621.0
6165,6272722.5
15017,4972843.0
10597,11383266.0
22209,4597518.5
20474,6420398.0
11939,5235131.0
29496,3958757.0
6742,4427035.5
3024,6432557.5
6702,10105079.0
27308,7654325.5
201,5568284.5
21478,20306804.0
18910,5521480.5
13339,3388443.0
30352,5234192.5
7386,4769852.0
10909,4597001.0
13664,4518749.0
1353,5120750.5
12839,7275222.5
21807,4027542.0
3983,4787105.0
5129,6308736.0
9143,3144785.0
3673,4867186.0
17152,7201546.5
27257,5970514.0
29415,4319513.0
8319,4118140.25
25523,4866174.0
10730,6345168.5
1968,5269000.0
19586,8302102.0
12582,5871792.5
11365,4994792.0
4885,3528638.75
20388,6620465.0
19453,4360130.5
8754,11821517.0
16137,4831861.0
4495,4689220.5
27641,5274485.5
3741,4960982.0
7260,4384920.5
25714,2908037.25
21178,7705954.5
1430,4479651.5
13723,5953428.0
18668,4973597.0
22340,9236966.0
16667,5302785.0
25429,7183335.5
5747,11671987.0
20005,4287762.0
6347,5423450.5
146,4625052.0
2028,8548281.0
2938,5277856.5
1060,3577567.75
11589,7735702.0
5965,4785872.5
30286,6455129.0
6756,1941392.75
24370,5729677.0
1530,4659007.0
9494,4802048.0
15047,4712721.5
24012,4663959.5
14713,6485012.5
15241,4722543.0
22693,5188014.5
13158,5838028.0
10079,5462714.5
27388,8005958.5
4779,11411549.0
7619,7653281.5
20237,5103341.0
4104,4286045.5
19924,5277323.5
1840,8674273.0
17111,4768160.0
25691,4941688.0
25755,5123495.5
12991,4981007.0
7478,5468385.5
20647,6462822.5
25925,4250700.0
15308,6640528.5
17913,2568993.25
25633,5646837.0
3055,5347327.0
17561,4218108.0
7092,3664493.25
13411,3985041.0
22753,4773223.5
25716,9087310.0
18639,4403321.5
11278,6582370.0
4848,4759373.5
6203,5326505.0
9414,4406258.0
29654,4447717.0
3980,3881495.25
2302,11427252.0
7668,3505348.25
21721,6078734.0
12277,4995783.0
2935,3963070.75
10340,6612684.5
5149,4977440.5
14813,5665127.5
5663,4068459.0
8447,2853208.25
5412,6386956.0
16155,5824509.0
28470,3768904.5
8482,4117111.5
23040,13010715.0
20168,5316325.0
15118,6024542.0
28565,4534834.5
3301,5245766.5
14892,4872680.0
16868,7171309.0
10053,3410172.75
8782,6403674.0
26466,25622170.0
18797,8069012.0
8636,4223509.5
2664,4305677.0
24295,6522997.5
17562,9824263.0
22646,4418983.0
5908,5581310.0
4707,3780957.5
10548,3781869.75
27812,6202618.0
3132,6000562.0
28156,4645749.5
25186,29143634.0
22149,4489608.5
23598,6365017.0
9443,5674385.0
28383,8705765.0
18817,6038191.5
8906,4989117.5
12598,6482681.0
19350,3240099.5
20536,11808469.0
10429,12149268.0
26681,4216619.5
9921,7112950.5
16845,5864864.0
28297,3875340.5
4127,7062754.5
24780,5694654.5
18047,14993647.0
13297,6489033.5
3443,4271217.0
19767,3451875.0
11957,6202718.5
6541,2624225.5
19922,6216528.0
1793,5133375.5
8779,6170922.0
12524,6852641.5
29900,6617561.0
23245,4312449.5
15638,19458368.0
15781,13092915.0
2163,4220650.5
16831,7943875.5
21170,8353151.5
16070,3651477.75
10875,3927084.5
18757,7762801.5
23822,12461695.0
8191,7055699.5
11574,7108793.5
6274,5580144.5
10040,9913050.0
24934,3152676.25
3319,4608097.5
4071,5886353.0
9043,3211005.75
20143,4837851.0
21092,6486466.0
4453,4857040.5
7102,11947732.0
17978,4562114.5
20605,7137488.0
19466,4227249.0
6860,4188029.25
8077,5035335.5
264,4580525.0
18355,6946940.5
13259,5366229.0
21214,4890058.5
17965,4911384.0
9062,12513761.0
26784,7207428.5
14026,5999258.0
7974,3218231.5
15886,5758051.5
16321,6372506.0
16893,5943676.5
19264,4908355.0
15770,4214476.5
10894,5260756.0
20903,4658096.5
24852,6065849.0
5756,3689252.75
21351,3443408.75
12653,6635920.0
15246,3963717.0
24919,5784757.0
3415,4321296.5
26942,5978810.0
10392,3612721.0
662,3917134.75
909,7048335.0
26209,5501244.5
7634,4805011.5
29244,4093628.25
19185,4592479.5
6863,11078884.0
22612,6126223.5
84,8869288.0
12557,4960826.0
3812,5735936.5
22172,5661228.0
14748,5468573.0
23147,5209601.5
24078,5035518.0
10223,5263224.5
19123,9319894.0
28054,5603801.5
23304,9554585.0
1460,5911133.0
17729,4051608.25
20161,4862407.5
13714,12457869.0
2932,4132760.25
14456,5672572.0
20290,10147589.0
25011,6652502.0
5174,3511230.0
5587,2963027.25
17870,7939111.5
3803,4374354.0
13214,6645071.0
13835,6185640.5
23706,3687764.75
10590,26398924.0
23197,3904796.75
14112,3545643.5
4182,7030611.5
26325,7782920.0
28213,5534681.5
24395,4168396.5
6427,2889314.0
26361,4286208.5
13055,3926859.75
29707,7246803.5
1507,4613898.0
20851,3617737.5
17455,4610445.0
23874,4365730.5
7833,10960301.0
28479,8056363.0
21598,3212154.5
3503,4404283.0
10480,11715792.0
1382,8618465.0
18655,6102048.0
7033,4903956.5
2989,4544341.5
7687,3401789.25
29675,5817170.5
6728,3504596.25
29072,8002188.0
12746,4904316.5
15699,8330208.5
25880,9660502.0
5383,5371959.0
12020,4128120.0
2492,4510633.0
22593,6665883.0
23052,10381063.0
13588,16104009.0
7976,5538050.0
7379,7113785.0
13307,6774395.0
21307,4317672.0
818,4120249.75
22851,12678814.0
5559,3476789.25
17663,4583929.0
26510,4538945.0
27533,6163388.0
371,4330323.5
16375,5136666.0
19814,6821246.5
13987,10882850.0
25952,6966126.5
3677,6940861.0
18807,7693024.0
128,4584725.0
26331,5324215.0
882,4160203.75
21145,6234089.5
23532,6866648.0
7807,7298468.0
13943,3980145.25
8318,4585149.0
460,4489321.5
19577,7605196.0
9687,5417795.0
6348,3648250.75
28684,19335390.0
17970,5954234.5
1827,6835931.5
22869,5353609.0
2433,4300765.0
23698,5990544.5
6951,8997300.0
10850,4036224.25
13477,7599352.5
8771,5632643.0
5168,3473846.0
25177,10359107.0
10958,10698342.0
3194,3553774.75
7146,5320666.5
21654,3059300.25
26996,7271692.0
17555,5446749.5
14044,4578267.0
14205,5401070.0
22298,6029853.0
11912,4182050.5
14180,6438769.0
7646,5617193.5
20287,3797609.5
25180,5654786.0
5584,5050195.5
27874,6891406.5
20631,2182639.5
7542,5040024.0
6983,5548417.0
30282,10781427.0
13774,4388761.5
29209,6986732.0
14979,4266759.0
22241,6150552.0
5073,2975849.75
22918,4491403.0
6651,4491060.0
14440,7971864.5
541,5041336.5
5142,9707621.0
12549,3279984.75
16385,8408388.0
13342,3927938.5
7252,4350195.5
15143,4207088.0
30389,7462424.0
12681,5048972.5
1210,5604811.5
14860,6691972.5
4614,5604073.5
5683,5881264.0
27715,7608663.5
28105,13427637.0
19431,6313539.0
24035,2383056.0
4439,4957742.5
22321,11824065.0
23967,6990357.0
23162,4761035.0
24130,3682321.25
26126,6074248.5
5339,4719859.5
12284,8422963.0
16649,5854620.5
25092,5924480.5
18491,8517334.0
2595,4656453.0
11972,5692178.5
19970,3645183.5
13326,4611267.5
17789,4920493.5
16311,17030518.0
23241,7128528.5
6310,3996470.0
8494,5308280.0
13931,6322535.0
9233,4246109.5
12908,8966223.0
14854,3561181.0
26507,5026986.5
12369,5195357.0
3082,3968937.0
24916,4501990.5
18879,4430634.5
5798,3689618.75
5414,10295857.0
8097,4883943.5
4554,3976586.25
18687,8700121.0
26793,6905189.0
27179,8626614.0
26932,5065916.0
14730,4797397.0
11000,6824259.0
28116,5155039.5
15838,8454558.0
8525,8132088.5
24817,4123673.75
23502,6543334.0
25504,3965985.75
30100,3332431.25
2670,4549771.0
21277,8499475.0
21657,2684830.75
6797,5065911.0
29955,5371021.5
12321,3920629.25
6107,3483324.0
8449,4288289.5
17628,4949796.0
980,3879463.75
1469,4772345.0
889,4218091.5
17300,4701099.5
5513,5124585.5
8714,3665587.25
2491,3418058.75
25709,5931988.5
28706,11554127.0
14793,6676941.0
5608,4753535.5
15774,5722419.0
8385,5673227.0
17183,6159627.5
26977,6140150.0
24618,5012878.5
9291,4561714.0
10042,4885359.5
22752,4179913.25
15256,9023026.0
14772,2088768.0
25760,4782432.5
14585,4966634.5
20043,6760899.5
26755,10295955.0
30215,4314692.0
25074,2146932.75
28868,6198638.0
14782,10733518.0
26523,5310103.0
18190,7875008.0
18040,8923825.0
3532,3409301.25
18892,15519364.0
16661,4840084.5
12599,6890900.5
1763,5406796.0
20002,6187587.5
26556,4942122.0
16682,6177417.0
4263,11440577.0
22052,6651132.0
7821,6897547.5
8251,5517069.5
12785,3426897.5
2612,4206378.0
15540,7271844.5
14965,5663447.5
23322,5070609.5
16758,4580551.0
25204,3723532.0
14912,5098646.5
17129,5834360.0
7866,4238277.5
7081,4329931.0
15098,5401482.0
1745,4897698.5
2110,4470467.5
349,5080067.0
27827,4140255.5
9101,2317282.5
14903,6377436.5
22166,4792586.5
30139,5695925.0
3744,5423487.0
14532,5748323.5
21496,3609659.5
9194,5001308.0
7298,4894294.5
29562,9092614.0
5839,7643937.5
18717,1998327.375
5135,3986751.5
3429,2631377.75
25655,6524602.5
21334,9869733.0
5230,5393298.0
22771,11552915.0
8801,4085668.0
4013,3729577.25
27630,6669158.0
16627,5252739.5
2754,3730253.0
4555,3720841.25
16734,4538231.0
21709,9823288.0
25131,7477027.5
5041,10995897.0
23250,5842662.0
4742,12121331.0
17539,6198283.5
19644,4007656.75
14308,7155160.0
13681,4395450.5
15466,5277680.5
15130,13785896.0
21883,2243778.0
15069,3652536.25
6494,3617679.0
22511,4737067.5
28228,2362511.5
28399,6729751.5
6226,5384843.5
2198,5633867.5
25540,12962216.0
23470,3669371.75
17934,4924559.0
27931,12920993.0
11984,4651943.5
29884,9744947.0
2018,5333428.5
17318,5319084.0
23303,7900448.5
14958,6445281.0
489,4339372.5
5714,5527017.5
24029,6624696.0
22283,4019507.0
30073,9418843.0
5890,4856494.0
12340,3926822.25
18842,5161070.5
21771,5616202.5
26477,7490631.0
15899,4910532.0
19298,3416465.25
26257,9930214.0
17229,7073911.0
18779,5142155.5
12997,5658529.5
3694,6818885.5
27137,7634386.5
7326,6085271.0
3707,5360081.5
4967,4829760.5
24159,7953237.0
3460,7953290.5
3474,5704123.0
6196,2821826.25
18474,4157958.75
21666,6000619.5
25421,4790905.0
13405,5820955.0
10341,5407651.5
26305,4963410.0
7642,3789794.75
12689,6759333.0
7748,4724917.0
16109,5415971.0
19773,6706955.5
4503,4664373.0
2678,3706667.25
22850,3907985.75
9599,6199394.5
19760,7122406.0
2608,5073637.5
15998,4727044.5
10536,4312051.0
25679,6681928.5
18356,3826212.0
29791,4009549.0
23821,6894930.0
20264,6742632.0
8009,4547367.5
28267,5828798.5
19960,3671846.5
2836,3621745.25
17676,5785573.5
27462,10574591.0
294,11099507.0
30408,11496532.0
17736,7570144.5
26370,5157100.0
30083,5902041.5
4906,4013030.25
28058,3276580.0
13217,3932477.25
29673,9002912.0
16530,4621278.0
15415,10739743.0
13669,5884545.5
25455,2060750.75
6990,4427192.0
19673,15495849.0
8196,4663497.0
2980,4346674.5
1787,3302650.5
10613,3872089.75
25231,5551905.0
24073,5998205.0
13369,7324553.0
22152,11728067.0
18461,5096930.5
11975,9389856.0
14118,3818760.75
25345,5990076.0
14653,5818429.5
15108,17246788.0
27350,2953302.75
17647,5897259.0
18442,5176124.5
11185,5146021.5
12976,5306280.5
20302,5904839.5
13199,4390871.0
13174,4459052.0
24217,3156133.0
17060,5081782.5
29595,8812343.0
9464,5089712.0
18703,4287177.5
11543,6717408.0
22621,21118314.0
29173,12726618.0
17786,13366719.0
3367,4578651.5
24470,4790219.5
14507,6835475.5
18388,5060764.0
10174,6423178.5
11031,7326880.0
9040,4603310.0
747,5973555.5
2828,7798433.0
7069,5597386.5
8500,2594778.0
2578,5649977.0
26445,7023602.0
11140,14037542.0
8307,4931514.5
19357,3342658.25
15571,8248012.0
22368,4059451.75
4680,4364969.5
7129,3704773.0
18521,6811671.0
11283,5898975.0
29340,6229305.5
2524,9053660.0
7692,8109327.5
28276,5007097.0
23756,3137137.5
19393,5540512.0
9205,2517844.25
5449,4318178.5
26552,5026363.0
20798,5809957.0
16979,4898366.0
24433,14884004.0
3138,6989764.0
10974,5384201.5
16302,7455815.5
1849,7040018.5
26867,5710561.5
646,7525910.5
26026,4408410.0
18160,3696726.25
27662,6890341.5
30323,21589822.0
24722,5941738.5
7307,2687941.0
27210,7429369.0
8972,4548716.5
14383,4664636.0
962,6474686.0
6150,4091700.25
20783,5691077.0
2053,4873038.0
28363,10901091.0
22666,6506917.5
16488,5290924.0
20694,6858669.5
3081,5688114.0
23367,5919025.0
4237,8512462.0
18862,5138224.5
12608,6042102.5
16515,6710218.0
10616,4765523.0
2337,3510098.5
28311,7389833.0
25292,4436291.5
17186,14329951.0
12802,6427744.0
19613,6080027.0
4948,3195514.5
8228,4171828.5
23002,6893391.5
11341,20598520.0
20390,13315674.0
27601,5448329.0
1215,7872845.5
7592,3829873.75
484,2889532.0
13204,7261941.0
16774,15608689.0
24053,3979898.5
4631,3971076.0
24834,6528580.0
28047,11347411.0
11329,5358543.0
1338,4424326.0
4154,5770970.5
16967,4895092.5
8532,5592723.0
4807,3206302.5
23595,5568082.5
12501,3649305.25
19458,6597843.0
5319,4280428.5
13864,7662520.5
18334,7794389.0
25756,6691143.0
15003,5552619.5
30010,6482273.0
14043,5706663.5
7880,4545811.0
29115,4895704.5
13404,8252961.0
21539,6346215.5
8340,12041921.0
24333,4929920.5
936,4519210.0
8402,3458369.75
25517,12422989.0
8333,5735439.0
28104,5228211.0
26713,5573836.5
9722,5807647.0
5715,4316514.5
11859,6480017.0
17948,5891357.0
26979,6813185.0
10844,3763079.0
23242,5007125.5
14859,6179585.5
28808,4618265.0
15506,8731383.0
3164,4370129.5
27021,11441363.0
14842,5899273.0
5069,5190811.0
28480,6739109.0
29616,6612671.5
13542,4345804.0
4280,5841570.0
2248,4857675.0
18533,7528473.0
15225,6707300.5
28790,5725781.5
14936,6599605.0
11367,8374512.5
23355,5236988.5
8004,6488847.5
13304,5610886.5
18588,6738396.0
12450,5136553.5
11753,8167327.5
517,5871417.0
22208,5835801.5
4240,4984528.0
22015,5284993.5
8321,6622428.5
5778,2111133.5
11518,6517637.5
3759,3504957.0
25564,7745601.0
25224,2306334.0
29090,2202466.0
8668,4284214.5
1472,5963736.5
28760,6644652.5
26047,3555446.0
13152,3874446.25
23225,5236744.0
17649,17478368.0
12800,4472907.0
20569,3894480.25
18620,6296450.5
27469,7629881.0
20603,4405123.5
13700,4235557.5
29493,17700224.0
5131,3458679.5
6673,3592005.0
29952,5344701.5
6188,5406362.5
13684,5392372.0
25878,3361929.75
6262,5025592.0
8984,4259481.5
16885,9610147.0
24997,3761478.75
30269,4064472.25
29947,5919059.0
29119,5020202.5
27958,5475791.0
22512,8526014.0
26888,6168633.0
2986,5854983.5
21988,3080091.0
19365,6048819.5
20522,6574640.5
5742,3558244.5
9226,6344025.0
21330,8786052.0
8443,5293523.5
12125,6851073.5
233,4433246.5
17139,10239690.0
24079,6324241.5
12832,5865350.5
19101,8043627.0
4199,13738436.0
25447,3727152.25
12143,3817435.5
2793,11281117.0
26320,4572189.0
23905,12526848.0
29615,6606110.0
18215,4708656.0
21125,6280654.0
8377,4609011.5
11967,5783951.5
3506,11062056.0
1571,8297170.5
4068,3351730.0
26838,5899779.5
29315,5120135.5
20971,6626357.5
28602,7704587.5
19847,4105039.75
8417,3971860.0
21850,5199342.5
7834,6001501.0
23845,4989312.5
25511,7686329.0
28322,8149098.5
5016,5140194.5
27561,3603396.25
22968,3721927.25
21824,10446091.0
9391,5373475.5
24530,5277207.5
26877,4813078.5
1923,4788338.0
11004,4172234.5
11306,3908142.25
8210,5436199.5
10809,3741736.5
15497,4607662.5
1352,5068762.5
13503,10614783.0
14102,4170019.0
6243,3143927.25
4938,9354265.0
23220,3331986.75
1487,4108557.0
21186,5346633.5
29770,19465756.0
19131,6947941.0
2934,5360577.0
11357,10659012.0
6401,4453000.5
19301,4771052.5
10820,3959349.5
1664,5224717.0
24165,10256265.0
7841,3016754.25
24042,4934205.5
13524,4670868.0
29683,4757023.0
21718,12261008.0
3527,7275208.5
9987,5234811.5
2389,3846928.25
29605,9438157.0
9223,5598390.5
6886,5589694.5
6431,4511420.5
4183,3402104.0
11647,3709432.75
5978,5252314.0
7445,7042697.5
2160,4348553.0
20372,7459371.5
19432,9485621.0
24178,6036026.5
22647,9940940.0
19576,4722493.5
16857,13282444.0
8466,5178484.0
12392,7991831.0
1228,5195273.0
5423,3309782.5
15458,4017920.5
24069,4778019.5
24258,4629597.5
29110,1876467.375
24026,12256355.0
15085,6707217.5
29821,7065907.5
10012,5617960.0
15511,5694573.0
11627,7363972.0
26095,4609148.0
1737,3172870.25
2513,9685834.0
12580,4280923.0
8650,5371815.0
11444,7770475.5
22122,12261242.0
29746,6059142.5
15982,6449412.5
9933,11657992.0
12953,5200413.5
24377,3994663.75
6567,4536015.5
9067,7019637.5
13431,4991130.5
18086,5275250.0
10695,4897819.5
4381,3793783.25
24463,5922210.0
16201,6384970.5
10330,5927928.5
10967,4755367.5
12346,6509127.0
20640,7320433.0
25738,6090571.5
2882,4871133.0
1911,4472045.5
9967,4131089.5
25087,3425616.75
9582,4403099.0
19382,3916324.25
14573,17778994.0
14675,6269296.0
10485,6355397.0
27831,4504095.0
25105,3603227.75
21861,3161588.75
17349,5904502.0
24415,4010440.0
9686,4982066.5
22165,21255994.0
3515,4496151.0
24062,7201979.5
10267,11348061.0
2949,6563590.0
9588,6384142.5
11188,3751612.5
6151,6171764.0
945,5333042.0
23489,5697126.0
7457,3187136.0
22239,4326670.0
11030,6643220.5
14189,8295691.0
758,4131657.0
24925,5077786.0
6635,4060373.25
29394,5435167.5
8394,4984851.0
8867,4504864.0
25812,6087883.0
17510,14142999.0
30418,3968721.25
6416,11956486.0
3582,5701572.5
19130,4586369.0
29289,6074619.0
9060,4774940.0
21123,4878413.0
27900,10073576.0
25261,6704294.5
7565,3668682.5
1157,4171212.25
10272,5840094.0
20344,4728744.0
6659,5732070.5
29475,9287562.0
18884,6332377.0
6187,6084870.5
5070,3787272.75
26134,6135156.5
12876,5520880.5
18392,3806249.75
17607,4193372.25
6393,7430574.0
5024,14229530.0
29817,5379618.5
19063,6617536.0
25912,5286097.5
9339,4828190.0
30298,5775099.5
3963,3262614.0
25574,5276528.0
28467,7605602.5
8016,5998102.0
8414,3458369.75
17290,4057122.0
11073,10008231.0
18183,4287725.5
16366,2588952.0
19958,5377156.0
23945,6895824.0
24264,7040220.0
15324,6570347.5
17829,8016211.5
25336,10578665.0
5612,5946420.5
29700,7195951.5
5835,3840008.0
18270,6887458.0
23149,3325729.25
14423,6134033.5
11849,5306518.5
1055,4238168.0
3341,5339342.0
3600,6998068.0
23468,7346996.0
23757,7765393.5
16948,13353239.0
13234,5835907.0
8631,7976556.5
3745,6487783.5
5963,4800257.5
7868,4920873.5
17943,5763259.5
22632,8759281.0
4118,3991404.25
8184,4411879.5
15930,7517030.0
26917,5965323.5
1548,4983563.0
20139,3965898.75
4438,5694497.0
12768,5101190.5
27726,6430147.5
7622,5553525.5
8885,5171949.5
19059,7907082.0
12833,4001008.25
26385,6628444.0
3317,5303943.5
5806,5308918.0
5190,3909521.5
11524,4589466.5
3692,2516272.0
14574,5588772.5
9573,3591039.25
19373,4372648.0
12734,4476581.0
23117,4905523.5
6931,5555803.5
3826,7307354.5
16214,6714187.0
5221,4350029.5
18895,4201130.0
25723,6764943.0
18626,4599343.0
25832,8938441.0
9243,4327338.5
19099,4243259.5
13654,5959989.5
7705,2798686.5
22978,6907402.0
12261,5030957.5
18005,6197018.5
9267,9205255.0
12738,3569532.0
14317,7734750.0
9404,5581208.5
29430,2748851.0
23436,3959493.0
17276,3512834.25
25392,5161671.0
17995,6456477.5
8380,4447755.0
17337,6841638.5
29895,3310691.75
30188,7218303.5
23465,4379229.0
21312,14493144.0
2756,5865580.0
14548,5455889.0
14491,4923817.0
11288,5249910.5
11221,6186059.5
24323,4898777.5
1970,3896460.5
9113,9104780.0
24962,4960201.5
537,4595489.0
10998,2204878.75
12112,6026915.0
19758,6392038.0
14774,7047024.5
20595,6390368.0
1634,10230085.0
10861,18142002.0
9928,4964820.5
30080,3589330.75
23768,5736418.0
27045,3913610.0
15344,4558113.5
15046,8494402.0
1036,3548285.25
1982,4255165.5
24700,12627579.0
18286,5005726.5
13966,4705948.5
6633,3675111.5
14173,6250246.0
11113,3896843.25
24444,7577569.0
16961,4183546.0
24458,5729922.5
9009,3965482.75
18136,8867275.0
24286,6745970.5
24638,3689376.0
14919,6050775.0
22104,5418218.5
22256,8121393.0
11334,9116841.0
16247,6139693.0
1123,5660807.5
36,4127978.25
1752,7464060.5
28044,7780604.5
28290,4537564.0
13119,3736651.25
5245,4905476.5
1488,4452797.0
9616,4204200.0
9139,5701300.0
27294,4758715.5
7610,3200769.75
3481,5360301.0
8038,12154065.0
22944,5602631.0
7215,5005855.5
1438,4619004.5
4442,3715040.5
5372,4382521.5
28891,5927159.5
2080,3705508.25
20586,10553977.0
18567,4796399.5
16754,6172164.0
9407,5889149.0
16717,7352505.0
12836,3582060.75
18810,4551402.5
12259,5600200.5
19455,5743797.5
22710,4189730.5
15265,4239542.5
4472,8926907.0
1657,4201703.0
12561,3460184.0
29584,2878955.75
6049,9175385.0
23865,12869146.0
7164,4961772.5
5060,5817464.5
16646,16134507.0
25148,4198678.5
20270,11646347.0
17728,13385368.0
28080,4053919.25
3935,5514371.0
24599,4539100.5
11891,4537906.0
29980,7312659.5
13232,7931952.5
3728,4505044.5
386,3884995.0
3201,3929665.5
16067,6666194.5
3732,7091581.0
19506,5598166.0
11668,6956838.5
23493,8178878.5
14230,3492654.5
17714,6687704.5
20153,4792225.5
19700,5659695.5
22534,6625884.0
7051,4487181.5
30166,7542572.5
19038,3646974.25
7824,3294270.25
14966,4051716.25
3877,4737989.0
18357,4311528.5
27172,5395669.5
29414,9202182.0
26967,4698607.5
2033,4408519.5
13400,4671371.0
18922,4651393.5
12130,3227430.75
10326,5261598.5
809,6379992.0
11048,8724482.0
11722,5384663.5
5418,5101122.5
5170,3526751.5
26250,10118347.0
5233,5470649.5
8976,6787244.5
1362,5537516.5
22092,3985238.75
4484,4200637.0
18870,4572817.0
18667,13589624.0
16169,5798294.5
24692,4802414.0
7800,8936327.0
10923,5356816.0
14231,5897479.0
16231,5975441.5
18162,5106914.5
2624,3810313.75
3669,3630054.75
4190,4546435.0
16820,4961583.0
2436,4312417.0
7924,5812778.0
12126,5399273.0
18919,9331153.0
13395,5315103.5
4427,6511070.5
9504,3291400.0
27758,5515733.5
6841,3444269.0
12192,5336262.5
4950,6065970.5
29473,6695554.0
16630,24502858.0
10877,2817281.75
23346,3822502.75
17518,8714919.0
4373,11678891.0
28089,8857285.0
15427,6757696.0
17054,3180601.75
21218,5086864.0
26570,15665148.0
17686,21895874.0
8642,5985804.5
26568,15603866.0
27044,6601739.5
10495,10901631.0
4288,3430762.5
26581,2429459.5
6245,9259403.0
9852,6171799.0
2782,7525293.5
23931,6475674.0
3919,4405027.0
25228,9676343.0
1688,5750906.5
23920,6155793.0
16553,5261558.5
12411,4063941.25
25701,4891448.0
3303,4824880.5
13751,5608511.5
13731,5836770.0
19036,16689559.0
28956,4949904.5
13429,5966268.0
7703,4838704.5
25175,3903173.5
19716,11295284.0
13643,5284384.0
23925,7304770.0
24332,4720813.5
29036,5581060.0
7613,7499222.5
9287,9568901.0
8506,5099843.0
11977,5417082.0
5253,3500541.0
10318,10160372.0
12570,3934874.5
23521,8597368.0
27659,4703023.5
14363,9438877.0
16295,4410378.0
27667,7733754.0
286,2491340.75
30372,19412142.0
2277,3427878.0
2286,4147547.0
3484,5305663.5
8950,5005536.0
19939,7030276.5
14010,4524790.5
16879,4819312.0
14274,5519011.5
10762,4165778.0
26395,5287918.0
15376,5765678.0
28233,7408673.5
9164,18594876.0
6827,4863432.0
3736,3991522.25
19396,4041855.75
6364,5588351.0
17435,5532829.5
29251,10763490.0
11183,5202551.5
11889,7779914.5
18181,5669122.0
14879,5583386.5
23495,6562770.0
4491,5376351.5
2343,5342724.0
19141,4005624.0
19727,5018096.5
6073,4091029.0
29664,6381781.0
30424,5506877.0
29748,7672553.0
24246,4939822.0
11593,6102316.0
9451,4665654.5
18157,5979140.5
3362,4170548.0
4879,4479241.5
10086,13599607.0
4174,3062388.5
17755,4506939.5
5707,4903947.0
9812,3626705.25
5460,5347296.5
24946,8814764.0
14781,9744538.0
8185,5420187.5
5317,3651202.5
7333,5157385.0
22101,8810814.0
6020,3829625.5
18119,4207461.0
30457,5237408.5
19639,6083304.0
20211,4528887.5
14266,5073371.5
18280,3550187.5
9530,7233602.0
4425,4109399.5
26302,4931062.5
11905,8316786.0
4444,4052191.75
5695,3282538.25
1192,3796161.0
5061,3547750.75
5116,4023211.75
20887,7379466.5
14623,3035035.25
21324,5008123.5
26036,13862837.0
12446,6131904.5
7261,10773575.0
11397,5717329.5
9674,3820975.75
9723,3430658.0
29655,4080041.5
1131,4211463.5
8234,4217689.5
968,4596589.0
23696,6770196.5
10187,22391532.0
24639,5765095.5
25365,4506604.0
10395,14030207.0
18141,5742751.5
20692,4037040.25
28614,5540295.5
25675,6879488.0
8088,2931561.0
1175,20235508.0
1187,7299867.0
26848,6966173.0
27782,5494884.5
27497,4394512.0
27048,4786310.5
14569,10269419.0
2304,3621482.75
22354,4795082.5
5421,5162680.0
15410,5095992.5
18828,12131322.0
21434,4791576.5
13515,4573615.0
17444,7023146.5
18542,8131220.0
19904,6658716.5
149,4088860.25
24002,5494255.5
5192,3591083.75
10297,3647384.75
11010,3227193.75
19485,5057526.0
44,6689452.5
24011,5400091.5
26228,6640459.0
15084,5689866.5
28588,6538817.5
11514,4926475.0
29403,8904851.0
27264,3177733.5
22210,7841524.0
22135,5175117.0
4375,4373582.0
3349,4696367.5
3874,9164261.0
17117,4260704.5
26003,3782284.5
24231,4444180.5
14778,4710852.0
9543,5687300.5
3973,4393883.5
27053,3504041.5
16863,7801044.5
20880,5754088.0
10276,7834497.5
19191,3273968.75
19752,5699300.0
3629,4244757.5
2724,3990182.5
3242,2514144.0
12129,7887266.5
13243,5420317.0
15923,12169677.0
18346,4413601.0
20962,2002031.875
15034,6260077.5
23942,4395409.0
13088,9916964.0
24265,4967946.5
24223,4481224.0
11138,3899430.5
19430,5681977.0
2473,13362207.0
16784,4117794.75
20027,5947021.5
16968,13578327.0
24799,6169868.5
6596,21370592.0
3134,4478545.5
12096,6378957.5
24758,5839865.5
11307,4877897.0
18061,7599859.5
19820,15000312.0
23869,4153254.5
10469,6587469.0
24383,17851268.0
14473,6461738.0
13754,5413141.5
12331,5349464.5
25222,7398929.5
20348,4311356.0
8969,4671451.5
3459,5216507.0
8497,3609384.0
6052,4724137.5
28343,6477354.0
13107,5764326.0
7825,4849903.0
5541,5484011.5
18233,4772509.0
28875,2965713.0
22675,4086872.0
16090,5672810.5
19280,6469088.0
18175,4762847.0
17341,4067892.25
5568,6260268.0
22518,7024051.0
24214,7986642.0
24721,4182808.0
15342,5302613.0
10829,3997232.25
22635,6289159.0
6696,3776388.0
13295,3627234.5
9006,3454213.0
20352,12310640.0
25191,8143287.5
22395,9165223.0
26344,4346455.0
12429,5075026.0
1339,4742582.0
10071,5551614.0
27458,7430857.0
29242,8006149.5
8687,3587852.5
19871,5920086.5
17261,10711655.0
22399,4843810.5
17678,8268173.5
18962,6141596.0
508,4282286.5
17302,7584937.0
24562,6048905.5
9240,4549324.0
28173,8430637.0
24206,6880269.0
20711,3767546.0
14192,5598379.5
9618,4500810.0
27457,6833683.0
19624,6266301.0
9304,3548708.25
20113,6610200.5
27891,7728637.5
22656,8863572.0
28727,5141479.0
28096,17943438.0
20613,6177446.0
21162,5685299.5
23031,11041777.0
5428,5469382.0
15260,5102455.5
18133,3804322.75
10283,5889374.0
18301,11431438.0
14899,6888955.5
13096,7975271.0
1624,4944634.5
6473,3491772.0
11284,5372261.0
29779,6414706.0
12854,6636420.0
25719,6668687.5
23174,6139657.5
30068,4203963.5
30067,7784033.5
12657,3965955.5
1043,6315177.0
15311,6079777.5
10433,4966052.0
17427,6553400.5
15491,7790747.0
27028,9423353.0
9020,6195512.0
18528,34324528.0
11495,5470915.0
14120,3565112.5
3878,5571317.5
3687,4433365.0
26297,5857759.5
8119,7171247.5
9648,4550487.0
20602,4189559.0
14836,6485111.0
29787,6459791.0
7152,4109348.5
28216,3859297.0
23726,3928204.25
22470,5003769.5
23765,2288226.75
1066,5057647.0
8902,5469407.5
6208,11163945.0
12848,5707763.0
1196,5324550.0
18621,6263421.0
25313,4076587.75
20456,5211072.5
4937,3754834.0
21244,6223569.5
1363,7231353.0
26948,22117454.0
10346,5292186.0
10509,5623137.5
22887,7144386.5
17864,5241401.0
266,4443786.5
4674,5237778.0
22742,9123851.0
12948,6793966.5
27853,5762935.0
27616,3337829.0
14712,10372927.0
6212,4969311.5
11331,5485073.0
28010,6901265.0
26676,10963437.0
8237,3633584.0
9655,4550487.0
4385,5214810.5
5417,21215410.0
152,4782756.0
3262,8555221.0
18182,26091020.0
15808,5304849.0
12892,4185845.0
23713,3595593.5
13982,7215936.0
4604,3461240.0
21810,3538792.5
26769,6759294.0
20592,1811472.875
21294,5749644.5
22255,7488295.5
4370,5480675.5
20715,4646618.0
12408,4133241.0
9670,4365918.0
25650,4833594.5
18488,30096524.0
4694,3529056.0
16071,6352234.5
4287,4407128.0
21126,27564916.0
18570,4196509.0
27020,4903400.0
30262,8738988.0
23593,3341705.0
23431,4096682.25
27784,2690280.0
24157,6503958.5
6667,5588351.0
25840,10946470.0
20410,4316860.5
25595,6914751.0
7143,10922361.0
24847,5637458.0
15465,5047316.0
13947,4374929.5
11465,5325926.0
7621,3383544.5
13221,5481757.5
30205,8596122.0
17711,2294979.75
24603,4796907.5
20119,3457819.0
9403,4711261.0
318,4402246.5
22105,6319412.5
12983,4827614.5
1937,4703813.0
27311,5889941.5
6062,4518288.0
22904,8078212.5
5502,9644742.0
8233,4799305.5
9879,3731800.75
26419,3495143.75
9202,11413246.0
20334,6757238.0
17445,9851433.0
27126,5832430.0
27400,4848331.0
2144,5282262.5
14853,9576113.0
2844,4054820.5
16834,3026835.0
10135,4477755.5
29552,9049930.0
17807,6866333.5
19862,5993242.0
293,4099930.25
18105,6671371.5
29463,8993267.0
9129,11818857.0
6173,3261882.75
23955,6821116.5
6492,3728748.5
2241,4372918.5
22526,3808403.0
7640,4712802.5
7808,3422423.0
884,3698334.25
18784,5050455.5
4027,5815689.0
24234,6563226.5
25326,5636861.5
827,4391830.5
14858,4763791.5
9294,3754049.75
13209,4939304.0
24008,8256323.0
21472,3727852.75
15036,8246510.0
7594,2815439.5
4737,3359359.25
2617,3551674.0
12158,5989436.5
28749,8854920.0
14838,4957884.5
30454,1910231.875
21101,8126157.5
1751,3752292.5
23306,5757700.0
27368,3974436.75
24322,7108719.0
1403,6627539.5
20628,7540257.0
16096,5606981.5
18257,6970359.5
2402,4730566.5
20488,4688786.5
1143,6234500.0
20796,5066341.0
7318,3631446.75
5261,4525183.5
2621,4227535.5
4912,9982818.0
20762,3987664.0
7415,6103084.0
27932,5134153.5
11539,9280036.0
2327,4432003.5
5195,6107870.0
5751,2446385.25
11837,6450753.5
4818,5765821.5
8332,7302151.0
10752,22711548.0
15888,25264226.0
8863,5092125.5
26046,5902154.0
18854,6685632.0
11351,13169380.0
7063,4941857.5
27098,6814588.5
7956,5307531.0
2529,5020604.5
15595,7166756.0
25301,5027940.5
7263,4820791.5
27334,6739057.5
27700,11068302.0
24378,6190763.0
18671,6932942.5
21169,3357095.0
6297,5111646.0
16191,3898330.0
169,5322027.0
26201,21961330.0
11435,3900248.75
24039,4214223.5
1666,5055583.0
18218,4083642.25
2442,4124012.0
16800,9014803.0
21613,3472087.25
11316,5783008.5
3646,4098057.75
25368,11413768.0
9514,5594771.5
8014,3981295.5
25724,4073136.75
15216,9927222.0
2791,5749826.0
7958,6798270.0
18887,6020848.5
26775,5491071.0
9980,3591039.25
3537,7011087.5
250,3672074.0
9235,3936601.0
10050,4587235.5
9717,3711658.5
17847,5944646.0
454,4740158.5
491,4681164.5
13017,7717751.5
5080,13252052.0
27477,8656505.0
13519,14018090.0
15800,3902057.0
24195,10526495.0
7004,5833475.5
7938,3741640.0
16587,4028137.5
16671,9520985.0
15789,6796753.0
25536,4820396.5
6924,8248783.0
1073,2596830.25
5019,6389070.0
26693,7725749.0
1124,4573689.5
19232,6976125.0
23943,12662647.0
13785,13119113.0
20463,8367758.5
9611,4265172.5
13552,4464307.0
3033,3450229.5
8187,14491182.0
10621,7005707.0
18749,8804161.0
25980,6787128.0
4581,3176491.25
12041,4557644.0
9794,5036790.5
17050,5989299.0
1684,3735938.5
18986,4276409.5
29166,4109152.5
14503,5375362.0
29439,7481913.5
5075,3264686.75
26757,4399401.0
26953,6170292.5
14165,6359101.5
16414,6109041.0
17577,5200775.5
25744,3016380.25
10994,2552443.25
7840,4771362.5
9939,8171379.0
20885,5549607.5
9250,8456784.0
14204,6634116.0
10002,10120432.0
24014,5264369.5
3229,5582454.5
4513,5319215.5
24531,4936361.0
13841,4782815.0
15459,5858804.5
15338,6292447.0
7124,2858205.5
29653,4899534.5
4637,5067303.0
28564,20902476.0
25883,5550708.5
9399,4366443.0
1387,7318060.0
10251,5265202.5
21204,7740196.0
1116,4835240.0
19876,11092564.0
4060,6258871.0
22787,4938536.0
21247,4873633.0
726,4569325.5
29215,5487935.5
4755,4648444.5
11884,18248962.0
26911,4655183.5
28394,30617798.0
14089,5230241.0
17515,5937795.5
4640,5017197.0
20063,3915230.0
16957,6729026.5
1096,10282100.0
15882,13079313.0
11332,8321681.5
28923,7961145.0
15155,3727227.0
16085,5497201.5
17916,5654063.0
13064,4273898.0
23901,4816968.5
11592,4557653.0
24862,3751834.25
22285,7284553.5
6177,3673909.75
7191,4958972.0
17741,7446769.5
29304,5053635.5
10806,7127849.0
12844,6370191.5
2172,7455019.0
16920,4572594.5
5491,6329286.0
16086,5656004.5
25598,7031034.0
15873,4835009.5
10992,4618423.5
23882,7523520.5
1327,4673153.5
18553,4531825.5
21576,7611233.0
11702,10442526.0
3642,6065045.0
28774,4706123.5
30123,3411217.0
5236,4578184.0
4409,8341163.5
4162,3369341.0
8935,3038954.0
2668,4160628.0
4070,5346358.5
12803,5279523.0
8288,4082544.25
5548,5870577.5
17758,3795918.5
5816,3981413.25
3067,11427296.0
606,7289230.5
7345,8675307.0
28594,9061866.0
6537,4952865.5
26032,4642738.0
26818,4056386.75
12317,11022860.0
21181,5073274.5
27345,3197868.25
10793,3442581.25
21239,7271026.0
413,7284935.5
10711,4084039.75
13011,5257666.5
15989,4508835.5
3383,5746975.0
29950,5159318.5
4186,4226802.0
11289,5812340.0
22197,5191221.5
23621,6754570.5
12887,3497494.25
26593,4867307.0
26065,11016007.0
19079,3817399.0
9699,7529887.5
5733,3224268.25
16514,2279525.25
224,3777548.0
13219,3971576.0
15244,6758179.0
23104,8427318.0
5207,4863766.0
12840,4981923.5
29990,12884693.0
15833,4277295.0
12343,2491849.25
10712,4235683.0
384,4168345.0
19921,5884332.5
655,4784782.0
12122,4082672.5
10226,8353709.0
19778,7321040.5
23816,4833400.5
1844,4347603.0
29978,22861056.0
13678,3579728.25
26908,12776063.0
21440,4300527.0
2179,4043174.25
18653,7826790.5
16996,5497274.5
612,3204710.0
27863,3835506.25
3623,5439689.5
6960,7952812.5
11373,7861381.5
20560,5624639.5
15618,12411833.0
12383,4118969.0
24140,4213243.0
9820,8639829.0
20928,9025608.0
11833,5585538.0
27692,4971269.0
16930,5775975.5
24519,7014157.0
21353,4534112.0
12773,2483628.75
3454,3093158.0
19656,7705205.0
6738,3561486.75
6418,4038157.0
4286,3619297.25
7130,4997317.5
21805,7579954.5
23642,4847207.0
2893,3925070.0
12308,5316604.0
22784,5099687.0
28203,5115215.5
6429,9999340.0
5374,4866234.5
7528,4468306.5
21513,3343860.0
20461,4817327.0
13072,4278808.5
6785,8089222.0
21695,5434395.5
13052,9017314.0
15525,4447878.0
7753,7113249.0
234,4988732.0
3305,4512780.0
29056,6254748.0
29330,11828373.0
23690,4179482.5
24005,4834922.0
8344,4652968.5
26371,5013475.5
26821,2610798.25
29399,4327957.5
76,3136258.0
30416,7810476.0
22821,10824534.0
1118,4218960.5
5917,5319469.5
12173,5742701.5
2236,5652101.0
28871,21127580.0
25976,4433779.5
2413,4165400.25
20166,5560908.0
754,5407290.5
25940,4948120.5
17165,4780649.0
17578,6352985.5
25202,5577575.0
10282,7860332.0
17106,20170270.0
2386,4096811.25
1620,4993759.0
480,3933764.0
15380,5367995.0
8962,2807302.25
17523,6914895.5
19500,6078432.5
4082,4723993.5
11882,3680158.5
8278,6668439.0
18928,3974967.5
20090,9477772.0
262,5033597.0
28360,5490531.5
22955,6857570.5
27006,7566571.5
20785,4050661.5
11969,6227993.0
9583,2608914.0
3571,5897861.0
20720,3455415.75
13844,3596307.0
17294,4841418.5
12783,6849322.5
8112,4668672.0
12395,10606850.0
30170,3810590.0
2731,4013677.0
8254,5328131.0
14905,4834235.5
4489,4441053.5
23517,6385245.0
17333,4275427.0
9295,4952818.0
18954,4827495.0
22867,18165616.0
27832,5118089.5
17309,6055000.5
17802,7681909.5
21139,5853113.0
17220,3729762.25
21841,14047881.0
13126,5401714.0
2648,4346231.5
3538,5586699.0
22999,6133378.5
28277,9852091.0
9667,3607009.75
11294,5837037.0
24397,10844620.0
1818,17003350.0
17126,9779021.0
22663,4824439.0
7343,5304940.0
13146,3865013.5
24968,6457500.0
6727,3972591.25
19589,4019265.75
29296,9422490.0
6919,4130920.0
4720,7127026.5
18738,13383224.0
17757,4419156.0
28971,8185308.5
20271,7861921.5
5659,5177941.0
4131,2942555.0
15716,7251179.5
21678,17465138.0
17458,5893357.5
2770,4133505.25
23849,4854155.5
24133,13161746.0
15178,9845816.0
15666,5566723.5
5646,2939747.25
21977,5601744.0
15014,5304661.5
8384,6579238.0
8295,3652317.0
10190,8186058.0
10059,5714757.0
10906,3731042.75
6869,3608120.75
25997,5029921.0
13084,4704984.0
26898,9368336.0
26035,7296922.5
27259,7284032.5
11305,3993982.0
2895,4189467.25
22911,5719413.0
7207,6293995.0
6461,9048981.0
28115,4774876.0
20526,7358777.0
25164,5570058.0
14093,9281205.0
10920,5214885.5
4022,5705559.0
21103,5166901.5
2377,3734296.5
13388,6358040.5
15030,6404229.5
25456,3750539.25
9797,3538758.75
23289,8721396.0
10317,8264839.0
27447,3888012.0
29426,9044754.0
24244,5021740.0
19937,6431913.5
4037,4680584.0
21916,10044624.0
3034,5963412.0
14327,6310072.0
16466,4342581.0
740,4167788.75
21878,7325126.0
13862,10723020.0
15370,5017847.5
22920,7938082.0
7514,3434969.5
19894,5762457.5
4878,3388342.75
23437,3591481.0
7882,5143568.0
23203,6768563.5
19293,6326968.5
4820,4459439.0
25527,4759278.0
24360,3989520.5
24660,4069134.0
16320,5589007.0
19480,4294842.5
10627,5395345.5
5103,5734586.0
29277,5866503.0
4505,4421668.5
7799,5378325.5
23215,15121882.0
29001,6785179.5
6499,4284218.5
22977,5794541.0
15526,4775368.0
25414,10294580.0
23353,3749230.5
1600,4569848.0
26905,4341914.5
1933,3581029.25
21091,3846022.5
92,6254181.5
10077,5742045.0
190,4599944.0
29310,9109245.0
9886,6975313.5
15076,3787782.25
27979,8222472.0
11600,5568858.0
22560,7318499.5
324,4766000.5
22633,7728026.0
4775,4861957.5
6472,3344118.5
4325,3097509.25
21375,14330470.0
14744,6908831.5
196,4440431.5
2861,6075998.5
22939,11670807.0
19526,2248244.0
11985,3930227.75
2544,4330579.0
25005,6584084.0
13315,7222249.0
14346,3430991.75
21566,6015345.0
28063,4711935.0
10776,8154672.0
762,5711662.5
10179,4971539.0
9425,5571423.5
16479,6607074.0
11139,8057354.5
15673,10608468.0
7068,7986018.0
1769,13341095.0
20513,5717804.0
23000,4891844.5
18557,6065282.5
1062,4284239.0
13481,4424883.0
2472,5009155.5
15422,3937340.75
16142,5976444.5
13837,5381666.0
20849,4243413.5
10968,6742021.0
13578,7165211.0
24972,7372045.5
12402,7371750.0
27000,9028776.0
13779,5033626.0
8655,5124444.0
13192,5921261.0
4828,5916847.0
30062,8475693.0
20286,4546617.5
1365,3812087.5
26007,7363894.5
4765,5236369.5
6358,5945156.0
13745,6249513.0
7941,3603468.25
26020,4447916.0
13365,5812916.5
12337,8896498.0
3787,2296827.75
28482,7570093.5
28161,4851161.0
13858,4502454.5
10323,5477399.0
16963,8282402.5
1830,5073289.0
10620,5909617.0
5360,4462889.5
16679,4580359.0
4849,3601637.25
15761,8469432.0
4450,8009762.0
7291,4036921.0
23949,5462381.0
28665,6301238.0
20953,5464022.5
268,4697371.0
21625,9697221.0
13000,6920516.5
8359,4606946.5
27419,12350033.0
2968,5092028.5
13889,4701266.0
13117,4923408.5
22617,4409570.5
17527,7856158.0
7357,8209496.0
17032,5514056.0
19631,5463574.0
7527,5340254.0
15769,5260455.0
28652,7907157.0
3918,4132090.25
14609,10751466.0
22539,4237840.5
14648,6139576.0
30255,7488881.0
2800,3959980.25
26623,4977293.5
6796,4533165.5
12686,9006536.0
15099,4510216.0
11826,7093732.0
11470,5112684.0
27261,4912353.5
12469,5960330.5
18457,3639330.5
12007,3375194.0
30342,3003726.75
26059,4298796.5
6225,4414278.5
27829,11201741.0
19617,11309707.0
6764,4625590.5
24743,9319183.0
974,4411884.0
11069,5020432.5
17385,7980056.5
20778,12985625.0
25409,9465686.0
22227,5371047.0
7762,4330385.5
19011,9664667.0
22203,6057767.0
17773,4768632.5
11229,4906978.5
25577,6286334.5
4987,4368196.5
10413,4991163.5
14997,2496547.25
22295,5282061.0
3114,5536957.0
7839,4995292.0
27050,6382998.0
15578,5727229.5
14135,4478272.0
28234,5425535.0
25627,6326456.0
19630,5194837.0
18,4789735.5
12652,4212921.5
24544,4360338.5
21360,6501682.5
24414,6229038.5
30415,5805476.5
14099,4491158.5
9683,3884680.0
10839,5160977.0
2463,4902838.5
7141,4985289.0
18832,4510624.5
5198,5326475.0
18043,6363196.5
16117,9639593.0
14762,5143965.5
1511,8017564.5
2032,5135314.0
11377,4163792.0
15787,4131526.75
17701,7744168.5
28392,17524368.0
14522,8026347.5
11943,5350066.5
10705,4460983.0
2296,4315346.0
10230,3889807.0
23018,5775270.5
16690,3104038.5
1823,9182616.0
25585,3817311.75
21938,28824984.0
8689,9551615.0
15054,4663995.5
9541,8255708.5
5991,3408953.5
9330,4041204.25
26665,4260582.5
13457,4627227.5
1319,11812907.0
21432,4084830.25
7539,4699974.5
10961,5932967.0
22809,4086151.0
2764,3824738.0
17833,5181339.5
20265,4578869.5
11447,4655467.5
2575,5113898.5
11719,9032806.0
29033,7507745.0
12474,8045575.5
10768,10072059.0
4595,4394227.0
2222,7332653.5
7156,21389024.0
1725,3527895.25
28751,8389924.0
1306,4354275.5
29015,10334360.0
28954,6054596.5
12592,4253343.5
25994,4459307.0
10095,5627746.0
5592,4662483.0
13331,6314063.0
6287,4128931.0
4713,4981999.5
26165,5816920.5
19074,15833366.0
9729,19736426.0
5287,3053368.75
6276,5872694.5
30241,6947907.5
23075,8515889.0
400,5987317.5
16999,6188531.5
20347,4937495.5
16405,6198514.0
7765,5822293.0
29062,6745301.0
25285,9106048.0
4144,8237361.0
8179,7460154.0
23956,4212909.5
22654,2711152.5
12093,6799229.5
22628,9140485.0
1616,4955199.5
17536,6206375.0
11789,5903927.5
12793,7340238.0
7585,5089392.0
16489,11804731.0
6517,5086350.0
21494,3288996.5
14538,4631731.0
26337,4891042.5
23972,6258901.0
5496,3890515.75
7830,10655170.0
11547,12956531.0
29529,8355941.0
12237,6703604.0
16133,3555581.75
486,3555103.75
778,4167836.25
7133,5383251.5
5693,3606865.25
29514,5360751.0
20176,5754604.0
25234,4922249.0
24647,12190237.0
8063,3718854.75
27694,5167547.0
14471,5063641.0
29593,6006923.5
13735,4523962.5
14248,4454767.5
10976,6438910.0
25728,7402169.5
2259,6117355.0
16429,9084225.0
21943,6096633.0
26776,5042370.5
14519,5620237.5
28643,6862287.5
2815,3290179.25
7625,3855427.25
25060,4527233.5
3615,5466065.0
19418,4472002.5
8556,3356784.25
3239,4847739.0
2346,6473432.5
24779,4870594.0
19272,6984473.0
14580,5790232.0
5698,3540956.5
1829,5075355.0
10033,4790347.5
21664,6406954.0
7879,4912171.0
17263,5859022.0
19327,5211052.5
13091,4923845.0
8438,4290912.0
27189,3608637.25
28627,3495787.0
12184,7114354.5
8127,4519395.5
30222,5865115.5
7370,4158478.25
20836,5825820.0
3432,2538770.5
10717,6240240.5
3953,4384883.0
24109,2201332.25
20465,3233262.5
7595,3403785.0
25571,6259659.5
3246,5768653.5
7375,4895489.5
24752,14294027.0
16900,5514403.0
24560,4787547.5
9091,3689921.25
19810,9819074.0
26728,8086468.0
22449,20076808.0
7598,5478893.5
25364,9397417.0
3213,4582875.5
3791,4212700.5
28834,1898898.0
23950,6072337.5
12703,3855217.5
8480,5687289.5
13770,3649124.25
18754,6165780.5
9444,6364841.0
13103,12736209.0
26851,6632478.0
7738,5724253.5
3650,4834097.0
21843,4659682.5
3575,8773501.0
10760,6121370.0
29484,8140492.0
1765,9815890.0
20030,6136532.0
8122,4675346.5
4985,3194231.75
23070,4882187.5
1697,4883664.0
25559,5026842.5
120,8131328.5
22915,19522940.0
27579,16915980.0
5082,4446012.0
4153,4392241.0
28048,5766305.5
27161,8404668.0
5280,2811951.0
4020,3714576.5
22305,5341853.0
29892,4046916.25
9883,3713106.5
17954,10503992.0
17660,7040723.5
5724,3524919.0
12506,5655066.0
24811,4503893.5
23724,7433550.5
5690,4596795.5
29120,4899188.5
3174,3647645.5
27185,5285538.0
7764,3765419.75
28413,8373043.0
27848,5964527.0
525,4341032.5
389,4743523.0
12445,4944007.5
7680,4636605.5
28554,4935961.0
29117,4305414.5
9828,4449859.0
12531,5443633.5
24533,4808977.0
12805,5707350.0
12558,4041740.25
2477,3624184.75
22464,4773100.5
18952,6684739.0
13597,5122504.0
442,22297132.0
6985,5893537.0
13833,4658092.0
170,4974859.5
29087,4638556.0
12327,5645168.0
19051,8268962.0
4012,5359136.0
11081,3664965.0
28292,7522430.5
9772,3209077.25
3643,4448993.5
9230,4732141.0
19487,6819243.0
4731,4918316.5
23336,6569025.0
30064,5247102.5
23394,6981736.0
10884,6335137.5
687,10589627.0
17631,3105655.25
14122,7661366.0
19740,6587551.0
24581,6112532.0
23523,5826837.0
2162,3924553.5
19720,12134330.0
26644,5808395.0
29829,4707883.5
16821,9391486.0
28597,4033961.5
10598,4349258.0
24528,7946149.0
15710,4171009.0
463,4214356.0
8050,4971534.5
15599,4243527.0
19626,4123154.5
4405,5274827.0
10496,4910831.5
26146,5437884.5
16676,7766756.5
12843,9479236.0
16113,6236884.5
16650,5960171.5
24738,7474660.5
11418,4739367.0
16220,4719904.5
1214,4112790.75
12827,4484965.0
22755,13187654.0
18381,4210475.0
15929,6000631.0
13863,3873991.75
2692,3773450.25
19239,5778631.0
25080,8202163.5
2001,4871820.5
22849,7123112.5
8456,5055467.0
28041,4586032.0
16951,4187513.5
8267,4431860.0
24155,4734465.5
28538,5923983.5
26377,6187015.0
23655,5858720.0
16076,4018572.0
28562,8709302.0
1962,4244911.0
20676,4331219.5
2556,4218827.5
2448,7137304.0
23719,5826525.5
18067,11366105.0
4140,3982195.5
14191,5656760.0
11544,5480994.5
29832,6938696.5
21577,10084092.0
29337,4004661.5
15848,7789960.0
4228,4957742.5
1085,5044299.0
15067,5933374.5
7779,4610621.0
6948,7099647.5
28003,2462447.25
1413,4138159.5
5347,4735662.5
29709,2414018.0
19687,5997953.5
8364,7443432.0
5571,8265619.0
23537,6686384.0
14921,5376500.0
13906,4392584.5
843,5540897.5
11394,3264655.75
24523,2322523.75
24944,4269128.0
17355,4956433.0
16805,5374567.0
2044,11484346.0
8557,4060590.25
16451,5194589.0
28758,2670571.25
24763,7586398.0
28610,4220916.0
17148,5517880.0
13674,6237438.0
13311,5044044.0
23665,4434798.0
6938,11257452.0
13261,5220742.5
26970,3705161.75
25989,4770984.5
24302,6261570.0
135,5138238.5
1350,6722009.5
30276,10693038.0
20567,3952366.5
8,4891737.5
4740,3384890.0
17109,3896679.5
14487,2587355.0
18689,2658729.0
24253,5460131.0
10868,5082267.0
28433,1876776.875
30079,13112134.0
22269,5916254.5
4750,3516337.0
14776,2566547.0
5216,3817683.0
17892,7952729.0
23786,5964834.5
25841,7086355.0
19523,6738749.0
16653,6417472.0
4119,4836600.5
27886,5003846.5
28025,3898713.0
4327,4660807.0
29614,17769094.0
28676,10248853.0
4257,4799520.5
19475,5305375.0
24358,7873791.5
13334,7253192.5
19340,5429122.0
30122,4601721.0
22930,6810567.0
19601,4706689.5
26683,5317430.5
25937,5651174.0
24189,6014272.0
23386,7401555.0
5088,4820911.5
4102,3330706.0
24877,7917094.5
18585,4928374.0
973,3470918.75
20399,5079951.0
13746,7690413.0
25848,5538589.0
15678,5389662.5
20084,4402187.5
24512,2669934.5
21667,3913389.75
23894,5842634.0
26147,7428851.5
12157,3330210.5
26278,4323613.5
23512,4611025.5
30435,7567257.0
10546,4578132.0
26008,5285628.5
20914,7329822.0
2200,4860284.0
5953,5202110.0
15649,7937106.0
13502,13695843.0
19119,9176890.0
27316,7207999.0
24802,7001452.5
8783,9642554.0
10119,6300120.5
23736,5479144.0
5083,5816027.5
7524,4338441.5
7548,5370996.0
6674,4479951.0
17405,23949362.0
28492,3861800.5
12789,8829841.0
9370,16205567.0
3471,4570763.5
5463,4931392.0
104,4612107.0
8372,3953761.5
19606,3744435.0
29189,5523445.0
4245,3716486.25
20354,6433428.5
10428,9476001.0
29693,7786565.5
19326,5001174.0
29005,7975324.5
835,11192643.0
18857,5238767.5
8656,3679667.25
23738,7247688.5
5246,8342763.0
12668,9829773.0
22636,5470174.5
9979,7087626.0
30182,2354396.25
23189,6640262.5
9954,12811641.0
25427,4861851.0
2462,6068331.0
24931,5277087.0
27461,19512926.0
24991,5278345.0
1852,6165593.0
17640,4647256.5
12104,8162966.5
22895,6675559.5
27016,7297222.0
29049,5522681.5
20316,5326688.0
3399,4428370.5
15768,5050788.0
19872,8477262.0
24380,7611291.0
19122,6429871.0
28309,4059510.0
13449,6490624.0
23579,6447223.5
7550,4484144.0
7582,6431999.5
12903,5327958.0
19113,6751196.0
16532,5035868.5
28069,6305229.5
6130,6008407.5
4914,3856063.25
20938,5339678.0
20929,9778349.0
4236,4984528.0
22187,5024432.0
12078,3293378.0
25126,6281582.5
8644,4498592.0
8578,2267504.75
18511,5357061.0
5473,4959293.0
21372,4531017.5
13407,2258908.0
27615,4315321.5
30071,3404096.75
2054,4374712.5
10394,5282605.0
23229,6521368.0
24435,5211286.0
5209,3081733.75
19737,9076656.0
18815,34623644.0
9620,3615361.0
28633,8623003.0
7268,20584538.0
2252,6581780.0
27542,4869502.5
22835,5225678.5
22967,6217501.0
23228,7998930.0
10168,4288126.0
12107,11149284.0
18822,9538088.0
9814,3114185.0
27222,5713122.5
9253,10740522.0
3361,4876990.0
30210,3863974.25
14029,5280923.0
16229,8668683.0
20436,8828881.0
20898,3953712.5
27589,5882374.5
6747,4868601.5
17549,7459293.0
4077,5121986.0
28563,5312392.0
16895,5607602.5
11115,11788508.0
16882,2419729.5
9019,4914359.5
21147,7184349.5
482,3208015.5
30142,4876627.0
23246,5041836.5
3494,14277896.0
6280,3599092.75
10960,4641967.5
27440,5416369.5
22462,6996486.5
24589,4067516.0
8803,6808482.5
28631,6380588.0
22380,4575561.0
12759,4747320.0
10064,11311410.0
23084,4249557.0
28340,5011726.0
30202,6579677.5
5657,6279085.0
653,4388439.0
979,4674535.5
4292,4302947.5
7785,3970493.0
9332,5380023.5
24709,3590827.0
26937,7305368.5
20573,3778448.75
18583,6975979.0
24983,4100614.5
21778,7953215.0
24271,5135236.0
1018,3925436.75
27481,7040858.0
10243,5678547.5
4340,4131605.5
29926,6134484.0
4049,7185658.5
4135,4950655.5
28948,4797287.0
13009,4721282.0
6110,3649806.5
17849,6007141.0
3258,5157621.5
329,13670997.0
6852,3501910.0
18630,4769187.5
25056,8682061.0
21339,4079115.5
5025,2997700.0
11946,2051155.0
8045,4975105.5
7022,26213628.0
10990,11433138.0
25794,10131498.0
2221,3489811.25
4780,5529115.5
28825,5812279.0
15730,4391089.5
14799,3854155.25
27089,4837689.0
20483,6888600.5
23093,4711342.0
18127,5273872.0
7849,3766076.75
21531,3247019.25
4809,3354006.75
22169,6015442.0
9341,11086938.0
16075,9306944.0
23600,4182780.25
11450,4432231.5
15566,7959307.5
9571,4730372.0
6865,3281045.25
5152,4811798.0
9606,9305524.0
14457,5655541.0
4541,5704835.5
16460,4153579.25
26926,6703847.5
15729,3997255.25
13820,7543242.0
18769,6158904.5
2778,6579037.5
13750,6194921.0
18969,7240441.5
24393,2034269.125
6263,9212807.0
1015,7765304.5
5912,4499702.5
10232,3537021.25
3976,4733712.0
27226,4515716.5
19203,5598144.5
26316,7444646.0
20873,4644239.0
19197,6240883.0
13208,14555559.0
14246,5529443.0
15049,2933006.75
24085,4767350.0
14815,5485052.0
136,4242600.5
18191,5301738.5
14244,4425647.0
9293,7308992.5
14058,3757284.0
3384,3476418.0
14942,5082654.5
3232,3220316.25
24596,3916921.75
18774,7496648.5
14804,5335850.0
22468,5041605.5
21913,8063050.0
13708,6025047.5
22267,5954899.0
17946,4093327.5
27777,9490815.0
21922,6505094.0
12385,7072325.5
319,6828667.0
148,15194364.0
10104,3354032.5
15616,6049488.5
15221,6110026.0
14818,6040570.0
11009,4648112.0
20843,2194984.5
10410,4955828.0
9375,3205877.5
28895,5242395.5
25507,8145151.5
9963,4433918.5
15539,4696376.5
19859,3760341.75
8880,4588276.5
9647,6973199.0
826,3909887.0
4497,4368196.5
10574,2379826.25
6443,5931592.5
3519,4251790.5
19668,3547828.5
26411,4114764.25
11162,5064665.0
12623,4079839.25
30363,6239377.5
16036,2924493.5
30217,5146321.0
3143,3269700.25
14389,5996637.5
10687,7882341.5
26313,7879440.0
1591,4673291.5
6038,7164781.0
29111,3927459.0
18069,5924232.0
27233,5932520.5
2523,17961414.0
25759,6150341.0
28142,4670413.5
14983,7379396.0
21856,4764637.0
2533,9657850.0
12564,2794011.5
23896,4163387.0
23742,4725128.5
8339,4987176.5
6077,5310052.0
16510,4683218.5
21868,7231622.5
19450,4467774.0
9209,6310698.0
25699,6915390.5
30253,5903432.5
9447,16936998.0
14438,3513484.5
15398,5405574.0
10853,5934710.0
15297,6419418.5
14754,5526216.5
1020,7197187.0
28138,8800737.0
20787,4670792.0
9054,3695563.0
8920,3968793.25
1044,4134455.5
29495,6706456.0
2297,3721338.0
702,4937943.0
19521,5597322.5
11569,8097913.0
3738,2781964.75
12388,4730774.0
29788,7082808.0
1467,6204753.5
20619,6551407.5
16735,5774835.0
7952,5002467.0
2821,8103111.5
12097,5695996.0
3338,4167574.0
5552,5774895.5
6522,3757312.75
27820,3238684.75
21403,4736227.0
7257,4085905.75
21552,5897304.5
13130,4287660.0
27811,11872901.0
13148,5785970.5
24826,4406417.5
28574,6738312.0
25721,7553031.5
9846,4546695.5
27099,7347122.0
16007,5200314.0
1910,6318340.0
6780,19338932.0
22746,7768474.5
15326,8155520.0
5586,2828378.5
27714,5128438.0
6520,6080438.5
11825,5622397.5
28927,5569617.5
1429,4941283.0
20218,5189033.5
1580,4823220.0
7791,3963513.0
25802,4182660.75
4719,4426162.0
14704,3639202.25
30181,5187861.0
5820,3068179.75
5294,4366630.5
29680,5210704.5
3657,4898861.5
22937,5770255.0
11002,5799638.0
14823,5258759.5
6915,4578184.0
182,8793639.0
25358,5499010.5
28636,5995356.5
12246,5573267.5
28428,5334222.0
20791,5658292.5
22841,7270076.0
5625,5967963.5
473,3526058.75
14992,8095472.5
7110,3996687.25
2193,4894098.5
1037,4471559.0
25783,7938657.5
20972,4241617.5
1439,3931854.75
19890,5542710.0
18982,4953130.0
13720,3382050.75
25342,3342349.0
9048,4505577.5
20037,7259434.5
12927,6783672.0
12614,7493317.5
23717,6237438.0
8769,4711701.5
1205,4315115.5
17270,8143916.5
17468,5935508.5
15602,15024536.0
27378,4240622.5
27720,6412596.5
4191,4589296.0
2588,5688108.5
28346,5680254.0
18669,14306737.0
10253,4812849.0
13718,3710359.75
10686,3437515.75
3768,5567753.5
11170,3740066.75
13891,5658626.5
11445,15593067.0
13645,5541769.5
11549,5523908.5
3894,3351126.0
21638,9508644.0
27504,6723439.5
7771,4800857.0
2633,4315613.5
30326,7777177.5
5137,3559191.25
20462,4583802.5
13110,3774119.75
1313,4755879.5
5823,15114357.0
13977,4005222.75
21177,5541896.5
641,3083568.0
21325,7410949.0
7890,4147238.25
9484,4523461.5
14149,5567764.0
16557,3672785.25
7926,3742396.5
17315,5544941.5
6926,6482075.0
25226,11346762.0
11265,11794941.0
4894,5133258.0
10984,4649153.5
2955,4615178.5
22459,4149236.25
20818,3941386.75
6371,8425928.0
25874,6212403.5
21648,9086200.0
9126,4752212.0
21014,5270322.0
24923,4359710.5
4093,10979843.0
13134,8259150.0
22216,4028410.25
23746,4079423.0
3158,5111182.5
20945,4693421.5
12177,4500655.5
13663,8477989.0
8610,3646581.25
29188,18943914.0
30,3280106.75
12934,4905968.0
16923,6359975.0
4312,3835586.75
17817,5934993.0
28131,6596868.0
3395,8252607.0
27503,5875730.5
21381,6021463.0
6070,3909458.0
29378,27725476.0
